11871,39648,1425450130,0,0.0,NULL
11871,40171,1425450130,1,0.0,0.0
11871,52562,1425450130,0,0.0,0.0
11871,43486,1425450130,-1,NULL,NULL
11871,60272,1425450130,0,0.0,0.0
11874,46079,1425414112,-1,NULL,NULL
11874,60653,1425414112,0,NULL,NULL
11874,44402,1425414112,1,0.0,0.0
11874,60895,1425414112,1,NULL,NULL
11874,39749,1425414112,-1,0.0,0.0
11874,56631,1425414112,-1,NULL,NULL
11874,47513,1425414112,0,1.0,1.0
11874,57381,1425414112,0,0.0,0.0
11874,55944,1425414112,1,0.0,0.0
11874,55938,1425414112,0,NULL,NULL
11879,39254,1425150706,-1,0.0,0.0
11879,40082,1425294440,-1,0.0,0.0
11880,59696,1425212451,1,0.0,0.0
11880,45937,1425212451,1,0.0,0.0
11880,56069,1425294399,1,0.0,0.0
11894,57775,1424863060,1,NULL,NULL
11894,56315,1424863060,0,0.0,0.0
11894,60295,1424863060,0,NULL,NULL
11894,61018,1424862972,0,0.0,0.0
11894,56627,1424862972,-1,0.0,0.0
11894,56700,1424862972,-1,0.0,0.0
11894,40277,1424863060,1,0.0,0.0
11894,44555,1424863060,1,NULL,NULL
11894,56649,1424862972,0,NULL,NULL
11894,45103,1424863060,0,0.0,0.0
11900,44579,1424403432,0,NULL,NULL
11900,56703,1424403432,0,0.0,0.0
11900,60734,1424403432,1,0.0,0.0
11900,41151,1424403432,1,NULL,NULL
11900,56057,1424403432,-1,NULL,NULL
11900,39506,1424403432,1,0.0,0.0
11900,39442,1424403432,-1,NULL,NULL
11900,43540,1424403432,0,NULL,NULL
11900,52073,1424403432,1,NULL,NULL
11900,43365,1424403432,1,0.0,0.0
11903,46301,1424340732,0,NULL,NULL
11903,40116,1424340732,0,0.0,0.0
11903,56912,1424340773,0,0.0,0.0
11903,56411,1424340773,0,0.0,0.0
11903,59994,1424340732,0,NULL,NULL
11903,57219,1424340773,1,NULL,NULL
11903,47523,1424340732,1,NULL,NULL
11903,44400,1424340732,0,0.0,0.0
11903,45224,1424340773,1,0.0,0.0
11903,60666,1424340773,-1,NULL,NULL
11908,40274,1424292866,-1,0.0,0.0
11908,61211,1424225381,1,NULL,NULL
11908,41576,1424225408,-1,0.0,0.0
11908,39604,1424292866,1,0.0,0.0
11908,56293,1424292953,-1,0.0,0.0
11908,60939,1424225381,1,0.0,0.0
11908,59852,1424225381,0,NULL,NULL
11908,58406,1424292953,0,NULL,NULL
11908,52096,1424225408,0,0.0,0.0
11908,42963,1424225381,1,NULL,NULL
11910,56823,1424268015,0,0.0,0.0
11910,45416,1424268015,0,NULL,NULL
11910,56266,1424268015,0,0.0,0.0
11910,41254,1424268015,-1,NULL,NULL
11910,45007,1424268015,-1,NULL,NULL
11910,55909,1424268015,0,0.0,0.0
11910,39252,1424268015,0,0.0,0.0
11910,46925,1424268015,1,0.0,0.0
11910,40270,1424268015,1,0.0,0.0
11910,39334,1424268015,-1,0.0,0.0
11912,38073,1424238790,-1,0.0,0.0
11912,56531,1424238790,0,0.0,0.0
11912,45780,1424238790,-1,NULL,NULL
11912,55973,1424238790,0,0.0,0.0
11912,44016,1424238790,-1,NULL,NULL
11912,55826,1424238790,0,NULL,NULL
11912,60975,1424238790,0,0.0,0.0
11912,56760,1424238790,0,0.0,0.0
11912,56155,1424238790,0,0.0,0.0
11912,56547,1424238790,0,0.0,0.0
11928,56477,1423224792,-1,NULL,NULL
11928,39369,1423224792,0,0.0,0.0
11928,45099,1423224792,0,0.0,0.0
11928,45679,1423224792,-1,NULL,NULL
11928,61151,1423224792,-1,NULL,NULL
11928,60694,1423224792,0,0.0,0.0
11928,56017,1423224792,0,0.0,0.0
11928,40098,1423224792,1,0.0,0.0
11928,41747,1423224792,0,0.0,0.0
11928,51616,1423224792,-1,NULL,NULL
11932,44430,1415602888,0,0.0,0.0
11932,41305,1415602888,1,0.0,0.0
11932,44433,1415602888,0,0.0,0.0
11932,42757,1415602888,1,1.0,NULL
11932,40676,1415602888,0,NULL,NULL
11932,56143,1415602888,0,0.0,0.0
11932,44319,1415602888,-1,0.0,0.0
11932,56500,1415602888,0,NULL,NULL
11932,57008,1415602888,0,0.0,0.0
11932,57364,1415602888,0,0.0,0.0
11938,39261,1423142312,1,0.0,0.0
11938,41723,1421414163,1,NULL,NULL
11938,55793,1421414163,0,0.0,0.0
11938,37838,1421414163,1,0.0,0.0
11938,39383,1421414163,1,0.0,NULL
11938,56428,1423142312,-1,0.0,0.0
11938,56201,1421414119,0,NULL,NULL
11938,44221,1421414163,-1,NULL,NULL
11938,41343,1421414163,0,0.0,0.0
11938,43051,1423142312,-1,0.0,0.0
11941,39570,1423137936,0,0.0,0.0
11941,39988,1423137936,-1,0.0,0.0
11941,59572,1421917136,0,0.0,0.0
11941,57392,1423137936,-1,0.0,0.0
11941,39560,1423137936,-1,0.0,0.0
11941,41691,1421917136,0,0.0,0.0
11941,40023,1423137936,0,NULL,NULL
11941,44478,1421917136,0,0.0,0.0
11941,61100,1421917136,-1,NULL,NULL
11941,39188,1421917136,1,NULL,NULL
11964,39410,1419572250,1,0.0,0.0
11964,55878,1419572250,1,0.0,0.0
11964,56838,1422865307,1,0.0,0.0
11964,39797,1419572250,1,-1.0,-1.0
11964,60301,1422865307,1,0.0,0.0
11964,56194,1422865307,1,0.0,0.0
11964,60694,1419572250,1,0.0,0.0
11964,46243,1422865307,1,NULL,NULL
11964,60290,1419572250,0,0.0,0.0
11964,37983,1422865307,0,0.0,0.0
11965,45289,1419413828,1,NULL,NULL
11965,52050,1419413828,1,NULL,NULL
11965,43523,1422865302,1,0.0,0.0
11965,61168,1422865302,1,NULL,NULL
11966,39960,1419396562,1,NULL,NULL
11966,47671,1419396562,0,0.0,0.0
11966,42841,1422865296,0,0.0,0.0
11966,43801,1422865296,1,0.0,0.0
11972,47174,1415863736,0,NULL,NULL
11972,45207,1415863736,1,0.0,0.0
11972,46923,1415863736,-1,0.0,0.0
11972,41397,1415863736,0,0.0,0.0
11972,55944,1415863736,1,0.0,0.0
11972,52541,1415863736,0,0.0,0.0
11972,55984,1415863736,1,0.0,0.0
11972,60332,1415863736,1,NULL,NULL
11972,56810,1415863736,-1,NULL,NULL
11972,43978,1415863736,-1,-1.0,-1.0
11975,40021,1422360562,-1,0.0,0.0
11975,47694,1422360562,0,0.0,0.0
11975,40269,1422360562,-1,0.0,0.0
11975,57117,1422360562,0,-1.0,-1.0
11975,45759,1422360562,0,NULL,NULL
11975,56565,1422360562,1,0.0,0.0
11975,56579,1422360562,1,0.0,0.0
11975,47196,1422360562,-1,NULL,NULL
11975,47296,1422360562,1,NULL,NULL
11975,45306,1422360562,0,NULL,NULL
11977,61003,1422298086,-1,0.0,0.0
11977,39946,1422298086,0,0.0,0.0
11977,59771,1422298086,1,0.0,0.0
11977,43720,1422298086,1,NULL,NULL
11977,44441,1422298086,0,0.0,0.0
11977,58301,1422298086,1,NULL,NULL
11977,40136,1422298086,-1,0.0,0.0
11977,59850,1422298086,0,NULL,NULL
11977,44405,1422298086,1,0.0,0.0
11977,56531,1422298086,0,0.0,0.0
11980,39585,1422049690,1,0.0,0.0
11980,57597,1422049690,1,NULL,NULL
11980,60563,1422049690,0,NULL,NULL
11980,45389,1422049528,-1,NULL,NULL
11980,45013,1422049528,0,0.0,0.0
11980,58215,1422049690,0,NULL,NULL
11980,60311,1422049528,-1,0.0,0.0
11980,47669,1422049690,0,NULL,NULL
11980,46053,1422049690,-1,NULL,NULL
11980,39702,1422049690,0,0.0,0.0
11982,43809,1422030054,0,0.0,0.0
11982,40076,1422031288,0,0.0,0.0
11982,46527,1422030054,-1,NULL,NULL
11982,60446,1422031288,0,NULL,NULL
11982,46286,1422030054,0,NULL,NULL
11982,47215,1422030054,0,NULL,NULL
11982,45897,1422031288,1,NULL,NULL
11982,45205,1422031288,-1,NULL,NULL
11982,41766,1422030054,0,0.0,0.0
11982,41607,1422031288,0,NULL,NULL
12002,56271,1415915685,-1,0.0,0.0
12002,47412,1415915685,-1,NULL,NULL
12002,39198,1415915685,0,NULL,NULL
12002,44654,1421735284,0,NULL,NULL
12002,57225,1421735284,-1,NULL,NULL
12002,44440,1421735284,-1,0.0,0.0
12006,57596,1416010750,1,NULL,NULL
12006,60441,1416010750,1,NULL,NULL
12006,47207,1416010750,1,0.0,0.0
12006,56032,1421734174,0,NULL,NULL
12006,40162,1421734174,1,0.0,0.0
12006,45761,1421734174,1,0.0,0.0
12012,61172,1416808219,1,NULL,NULL
12012,56362,1416811138,0,NULL,NULL
12012,46226,1421733599,1,0.0,0.0
12012,43490,1421733605,0,NULL,NULL
12015,56046,1417042482,1,NULL,NULL
12015,46941,1421730371,1,0.0,0.0
12021,56910,1421663636,1,0.0,0.0
12021,56201,1421663636,1,NULL,NULL
12021,57008,1421662454,0,0.0,0.0
12021,47410,1421663636,0,NULL,NULL
12021,42932,1421663636,0,0.0,0.0
12021,56593,1421662454,0,NULL,NULL
12021,41843,1421662454,1,0.0,0.0
12021,59679,1421663636,0,0.0,0.0
12021,39746,1421662454,0,0.0,0.0
12021,61186,1421662454,0,NULL,NULL
12029,46119,1421583131,-1,NULL,NULL
12029,57648,1421583131,-1,0.0,0.0
12029,58382,1421583131,1,0.0,0.0
12029,39795,1421583131,0,-1.0,-1.0
12029,52094,1421583131,0,0.0,0.0
12029,57646,1421583131,1,0.0,0.0
12029,56517,1421583131,1,NULL,NULL
12029,56368,1421583131,0,0.0,0.0
12029,60627,1421583131,1,NULL,NULL
12029,59698,1421583131,-1,0.0,0.0
12038,40108,1421329786,-1,0.0,0.0
12038,46246,1421402269,1,0.0,0.0
12038,57399,1421402269,1,1.0,1.0
12038,56431,1421329420,0,0.0,0.0
12038,56094,1421329420,-1,NULL,NULL
12038,46771,1421402269,0,-1.0,-1.0
12038,43584,1421329420,-1,0.0,0.0
12038,45210,1421329786,-1,NULL,NULL
12038,55915,1421329420,-1,NULL,NULL
12038,56664,1421329420,-1,NULL,NULL
12044,60552,1421071870,1,NULL,NULL
12044,55830,1421071870,-1,NULL,NULL
12044,44060,1421071870,1,NULL,NULL
12044,46230,1421183628,1,0.0,0.0
12044,39747,1421071870,0,0.0,0.0
12044,39696,1421051589,0,0.0,0.0
12044,56066,1421051556,-1,0.0,0.0
12044,59730,1421183628,0,0.0,0.0
12044,41664,1421051556,1,NULL,NULL
12044,60126,1421071870,1,0.0,0.0
12048,55917,1421147276,-1,0.0,0.0
12048,43520,1421147581,-1,0.0,0.0
12048,47675,1421147276,1,0.0,0.0
12048,58151,1421147276,1,NULL,NULL
12048,40110,1421147581,1,0.0,0.0
12048,59756,1421147276,0,0.0,0.0
12048,43562,1421147276,0,0.0,0.0
12048,55747,1421147276,1,0.0,0.0
12048,56416,1421147581,-1,0.0,0.0
12048,59871,1421147581,0,NULL,NULL
12056,56257,1421049837,-1,0.0,0.0
12056,57214,1421050071,0,NULL,NULL
12056,55758,1421049837,1,0.0,0.0
12056,40685,1421049837,-1,NULL,NULL
12056,39512,1421050071,1,0.0,0.0
12056,55894,1421050071,1,NULL,NULL
12056,52294,1421049837,0,0.0,0.0
12056,41345,1421050071,-1,0.0,0.0
12056,55859,1421049837,0,0.0,0.0
12056,56351,1421050071,0,NULL,NULL
12059,40163,1420536364,0,1.0,NULL
12059,40759,1420536224,-1,NULL,NULL
12059,45243,1420536224,0,0.0,0.0
12059,41262,1420536224,-1,0.0,0.0
12059,56112,1420536364,1,0.0,0.0
12059,59730,1420536364,1,0.0,0.0
12059,39646,1420536364,0,NULL,NULL
12059,41834,1420536364,1,0.0,0.0
12059,55977,1420536364,0,0.0,0.0
12059,39581,1420536364,-1,0.0,0.0
12063,41672,1420236735,1,0.0,0.0
12063,60080,1420236735,0,NULL,NULL
12063,56427,1420236735,1,0.0,0.0
12063,57241,1420236388,0,NULL,NULL
12063,45647,1420236388,1,1.0,1.0
12063,43089,1420236388,0,NULL,NULL
12063,45937,1415141052,0,0.0,0.0
12063,52301,1420236388,0,0.0,0.0
12063,40967,1415140949,0,0.0,0.0
12063,41816,1415140949,1,0.0,0.0
12067,38853,1420226255,1,NULL,NULL
12067,46994,1420071673,0,0.0,0.0
12067,43511,1420071673,-1,NULL,NULL
12067,57393,1420226255,0,0.0,0.0
12067,56150,1420071673,-1,NULL,NULL
12067,46301,1420226255,1,NULL,NULL
12067,39708,1420226255,1,0.0,0.0
12067,39820,1420071673,-1,-1.0,-1.0
12067,39724,1420226255,-1,0.0,0.0
12067,42666,1420071673,0,0.0,0.0
12073,47916,1419409880,1,NULL,NULL
12075,41691,1419397593,0,0.0,0.0
12075,38583,1419397593,0,NULL,NULL
12075,61241,1419397593,0,0.0,0.0
12075,44055,1419397593,1,NULL,NULL
12075,61237,1419397593,-1,0.0,0.0
12075,43492,1419397593,0,NULL,NULL
12075,61114,1419397593,-1,NULL,NULL
12075,41572,1419397593,-1,NULL,NULL
12075,43666,1419397593,0,NULL,NULL
12075,60773,1419397593,-1,0.0,0.0
12077,41859,1419331359,1,0.0,0.0
12077,40303,1419331359,-1,0.0,0.0
12077,39468,1419331359,0,0.0,0.0
12077,60918,1419331359,1,NULL,NULL
12077,39354,1419331359,0,0.0,0.0
12077,44035,1419331359,1,NULL,NULL
12077,44561,1419331359,0,NULL,NULL
12077,56570,1419331359,1,NULL,NULL
12077,61133,1419331359,1,NULL,NULL
12077,41374,1419331359,0,NULL,NULL
12095,56365,1419225733,0,0.0,0.0
12095,47669,1419231694,0,NULL,NULL
12095,39445,1419231694,-1,0.0,0.0
12095,39612,1419231694,1,NULL,NULL
12095,46741,1419231694,-1,NULL,NULL
12095,59900,1419231694,-1,NULL,NULL
12095,46770,1419231694,-1,NULL,NULL
12095,41427,1419231694,0,0.0,0.0
12095,39486,1419231694,0,NULL,NULL
12095,57646,1419231694,0,0.0,0.0
12105,38986,1418950841,0,NULL,NULL
12105,41834,1418950841,0,0.0,0.0
12105,47214,1418950841,1,0.0,0.0
12105,41413,1418950841,0,NULL,NULL
12105,41506,1418950841,1,0.0,0.0
12105,60284,1418950841,0,0.0,0.0
12105,39602,1418950812,-1,0.0,0.0
12105,44030,1418950812,1,NULL,NULL
12105,43049,1418950841,0,0.0,0.0
12105,52305,1418950812,0,0.0,0.0
12113,56473,1418845385,0,NULL,NULL
12113,39453,1418853191,0,NULL,NULL
12122,39317,1418817505,0,0.0,0.0
12122,39247,1418817505,0,0.0,0.0
12122,42945,1418817505,0,NULL,NULL
12122,56148,1418817505,-1,0.0,0.0
12122,41244,1418817505,0,0.0,0.0
12122,41387,1418817505,0,0.0,0.0
12122,59904,1418817505,-1,NULL,NULL
12122,56604,1418817505,0,0.0,0.0
12122,56699,1418817505,-1,0.0,0.0
12122,37832,1418817505,0,NULL,NULL
12128,57726,1418769530,0,NULL,NULL
12128,56040,1418769530,-1,NULL,NULL
12128,39744,1418769651,-1,0.0,0.0
12128,56221,1418769651,1,0.0,0.0
12128,41008,1418769530,0,0.0,0.0
12128,56787,1418769651,1,0.0,NULL
12128,59975,1418769651,0,0.0,NULL
12128,41161,1418769651,0,0.0,0.0
12128,61035,1418769530,0,0.0,0.0
12128,39505,1418769651,0,0.0,0.0
12132,51854,1418410085,1,0.0,0.0
12132,56461,1418410085,0,0.0,0.0
12132,41237,1418410085,0,0.0,0.0
12132,57038,1418410085,0,0.0,0.0
12132,57994,1418410085,1,NULL,NULL
12132,37819,1418410029,-1,0.0,0.0
12132,45361,1418410085,0,NULL,NULL
12132,61146,1418410029,-1,NULL,NULL
12132,41333,1418410085,1,NULL,NULL
12132,43537,1418410085,0,NULL,NULL
12133,39982,1418400698,-1,0.0,0.0
12133,47407,1418363668,0,NULL,NULL
12133,46258,1418363668,0,0.0,0.0
12133,52308,1418363668,0,0.0,0.0
12133,47869,1418363668,1,0.0,0.0
12133,56982,1418363668,0,0.0,0.0
12133,56865,1418400698,0,0.0,0.0
12133,57222,1418400698,0,NULL,NULL
12133,45971,1418400698,1,0.0,0.0
12133,44749,1418400698,0,NULL,NULL
12149,56408,1418217330,0,NULL,NULL
12149,41557,1418217330,0,0.0,0.0
12149,43702,1418217330,1,NULL,NULL
12149,58025,1418217330,0,0.0,0.0
12149,57115,1418217330,0,NULL,NULL
12149,44296,1418217330,1,NULL,NULL
12149,45576,1418217330,0,NULL,NULL
12149,43703,1418217330,-1,NULL,NULL
12149,58096,1418217330,1,NULL,NULL
12149,46923,1418217330,0,0.0,0.0
12161,40156,1418080681,0,0.0,0.0
12161,61331,1418080772,1,NULL,NULL
12161,39540,1418080772,0,0.0,0.0
12161,52278,1418080681,0,0.0,0.0
12161,39726,1418080681,0,-1.0,-1.0
12161,52271,1418080772,0,NULL,NULL
12161,61093,1418080681,0,NULL,NULL
12161,57115,1418080772,0,NULL,NULL
12161,55768,1418080772,1,NULL,NULL
12161,56380,1418080681,0,NULL,NULL
12166,46090,1418033818,-1,0.0,0.0
12166,59801,1418033818,0,0.0,0.0
12166,52254,1418033818,0,0.0,0.0
12166,56978,1418033818,0,0.0,0.0
12166,44526,1418033818,1,NULL,NULL
12166,61028,1418033818,1,0.0,0.0
12166,56073,1418033818,-1,0.0,0.0
12166,47539,1418033818,1,0.0,0.0
12166,41407,1418033818,0,NULL,NULL
12166,43007,1418033818,0,0.0,0.0
12167,39671,1417827391,0,0.0,0.0
12167,56494,1418030183,-1,NULL,NULL
12167,59674,1418030278,1,0.0,0.0
12167,61154,1417825479,0,0.0,0.0
12167,61338,1418030278,1,NULL,NULL
12167,43002,1417827391,1,0.0,0.0
12167,60560,1418030278,-1,NULL,NULL
12167,52057,1418030278,-1,0.0,0.0
12167,43843,1418030183,0,0.0,0.0
12167,52498,1418030183,0,0.0,0.0
12176,44636,1417789264,-1,NULL,NULL
12176,45223,1417789264,0,0.0,0.0
12176,41277,1417789264,0,NULL,NULL
12176,37863,1417789264,0,0.0,0.0
12176,38620,1417789264,0,NULL,NULL
12176,61171,1417789264,1,NULL,NULL
12176,43804,1417789264,0,0.0,0.0
12176,39957,1417789264,0,0.0,0.0
12176,44014,1417789264,1,NULL,NULL
12176,45474,1417789264,-1,NULL,NULL
12178,59713,1417784842,1,0.0,0.0
12178,56561,1417784842,1,0.0,0.0
12178,41397,1417784842,1,0.0,0.0
12178,44539,1417784842,0,0.0,0.0
12178,56751,1417784779,-1,0.0,0.0
12178,56342,1417784842,-1,0.0,0.0
12178,40831,1417784842,0,NULL,NULL
12178,39682,1417784842,0,-1.0,-1.0
12178,57616,1417784842,1,0.0,0.0
12178,59811,1417784779,0,NULL,NULL
12191,41464,1417664327,1,0.0,0.0
12191,52055,1417664327,-1,0.0,0.0
12191,41684,1417664327,1,0.0,0.0
12191,56380,1417664327,1,NULL,NULL
12191,45519,1417664327,-1,NULL,NULL
12191,39418,1417664327,0,NULL,NULL
12191,60544,1417664327,0,NULL,NULL
12191,37904,1417664327,0,0.0,0.0
12191,46924,1417664327,1,0.0,0.0
12191,44842,1417664327,-1,NULL,NULL
12193,56547,1417646881,1,0.0,0.0
12193,41559,1417646881,0,0.0,0.0
12193,45221,1417646881,-1,0.0,0.0
12193,39550,1417646881,1,NULL,NULL
12193,41140,1417646881,0,0.0,0.0
12193,47603,1417646881,0,NULL,NULL
12193,59600,1417646881,-1,0.0,0.0
12193,41395,1417646881,-1,NULL,NULL
12193,46742,1417646881,-1,NULL,NULL
12193,59865,1417646881,-1,NULL,NULL
12195,52344,1417628887,-1,NULL,NULL
12195,39340,1417628887,1,NULL,NULL
12195,39923,1417628887,0,0.0,0.0
12195,56302,1417052406,0,0.0,0.0
12195,61130,1417052406,-1,NULL,NULL
12195,56490,1417052406,0,0.0,0.0
12195,59718,1417052406,0,0.0,0.0
12195,57209,1417628887,1,NULL,NULL
12195,58142,1417052406,1,0.0,0.0
12195,47460,1417628887,-1,NULL,NULL
12201,37833,1417547853,-1,0.0,0.0
12201,43937,1417547853,-1,0.0,0.0
12201,43968,1417547853,0,0.0,0.0
12201,45647,1417547853,0,1.0,1.0
12201,45666,1417547768,-1,0.0,NULL
12201,41766,1417547853,1,0.0,0.0
12201,43349,1417547853,0,0.0,0.0
12201,44530,1417547853,-1,NULL,NULL
12201,59645,1417547768,-1,0.0,0.0
12201,47605,1417547853,0,0.0,0.0
12204,43298,1413310861,-1,0.0,0.0
12204,57399,1413310861,0,1.0,1.0
12204,61194,1413310861,-1,NULL,NULL
12204,55982,1413310861,0,NULL,NULL
12204,60671,1413310861,1,0.0,0.0
12204,56011,1413310861,0,0.0,0.0
12204,43241,1413310861,-1,0.0,0.0
12204,61208,1413310861,-1,NULL,NULL
12204,55927,1413310861,1,NULL,NULL
12204,52081,1413310861,0,NULL,NULL
12207,55904,1417514589,-1,0.0,0.0
12207,46749,1417514553,-1,NULL,NULL
12207,56807,1417514589,1,0.0,0.0
12207,59711,1417514553,0,0.0,0.0
12207,41374,1417514589,1,NULL,NULL
12207,56459,1417514553,-1,NULL,NULL
12207,46977,1417514553,0,0.0,0.0
12207,56363,1417514553,0,NULL,NULL
12207,37888,1417514553,1,0.0,0.0
12207,44430,1417514589,-1,0.0,0.0
12221,56190,1417104077,-1,0.0,0.0
12221,43416,1417104077,-1,0.0,0.0
12221,59601,1417104077,0,0.0,0.0
12221,60968,1417104077,0,0.0,0.0
12221,44309,1417104077,1,0.0,0.0
12221,60166,1417104077,1,0.0,0.0
12221,46227,1417104077,-1,0.0,0.0
12221,60258,1417104077,0,NULL,NULL
12221,39738,1417104077,1,NULL,NULL
12221,43217,1417104077,1,NULL,NULL
12225,39675,1417084499,0,NULL,NULL
12225,41327,1417084499,0,0.0,0.0
12225,44234,1417084534,-1,NULL,NULL
12225,60882,1417084534,0,0.0,0.0
12225,46995,1417084534,1,0.0,0.0
12225,57377,1417084534,0,0.0,0.0
12225,39550,1417084534,0,NULL,NULL
12225,52074,1417084499,1,0.0,0.0
12225,56809,1417084499,1,NULL,NULL
12225,47912,1417084534,0,NULL,NULL
12231,58231,1416997854,-1,0.0,0.0
12231,47525,1417003244,-1,0.0,0.0
12232,43362,1416997727,0,0.0,0.0
12232,55753,1417003233,-1,0.0,0.0
12232,58374,1416997727,-1,NULL,NULL
12232,41238,1417003233,1,0.0,0.0
12232,61005,1417003233,0,0.0,0.0
12232,56417,1417003233,0,0.0,0.0
12232,57094,1416997727,-1,0.0,0.0
12232,43523,1417003233,0,0.0,0.0
12232,56880,1416997727,1,0.0,0.0
12232,56771,1416997727,-1,0.0,0.0
12235,43434,1416923299,-1,NULL,NULL
12235,60153,1416923299,-1,0.0,NULL
12235,57396,1416923299,0,0.0,0.0
12235,57775,1416923299,-1,NULL,NULL
12235,59693,1416923299,1,0.0,0.0
12235,56240,1416923299,0,NULL,NULL
12235,58318,1416923299,-1,0.0,0.0
12235,61105,1416923299,-1,0.0,0.0
12235,43326,1416923299,0,0.0,0.0
12235,55769,1416923299,0,0.0,0.0
12241,55910,1416921533,-1,0.0,0.0
12241,41227,1416921533,0,NULL,NULL
12241,47608,1416921488,0,0.0,0.0
12241,46767,1416921488,0,NULL,NULL
12241,56144,1416921533,0,NULL,NULL
12241,59636,1416921533,1,0.0,0.0
12241,44319,1416921533,0,0.0,0.0
12241,45833,1416921533,0,0.0,NULL
12241,44387,1416921488,-1,0.0,0.0
12241,55986,1416921488,0,NULL,NULL
12245,43480,1416920983,0,NULL,NULL
12245,56100,1416920983,0,0.0,0.0
12245,56234,1416920929,1,0.0,0.0
12245,57627,1416920983,1,0.0,0.0
12245,47501,1416920929,-1,NULL,NULL
12245,56765,1416920929,0,0.0,0.0
12245,56858,1416920929,0,0.0,0.0
12245,59745,1416920929,-1,NULL,NULL
12245,61197,1416920983,1,NULL,NULL
12245,45392,1416920983,0,NULL,NULL
12252,59839,1416896743,0,0.0,0.0
12252,57111,1416911130,0,0.0,0.0
12261,45986,1416581458,-1,NULL,NULL
12261,39359,1415782494,1,0.0,0.0
12261,56367,1416581458,-1,0.0,0.0
12261,39490,1416581458,1,0.0,0.0
12261,60038,1415782494,-1,0.0,0.0
12261,41589,1416581458,-1,0.0,0.0
12261,43937,1416581458,-1,0.0,0.0
12261,47185,1416581458,0,0.0,0.0
12261,60029,1416581458,-1,NULL,NULL
12261,61148,1415782494,0,NULL,NULL
12263,60205,1416473163,0,NULL,NULL
12263,59942,1416473163,-1,0.0,0.0
12263,44791,1416473163,1,NULL,NULL
12263,56160,1416473163,-1,NULL,NULL
12263,58370,1416473163,0,NULL,NULL
12263,42628,1416473163,1,0.0,0.0
12263,47863,1416473163,1,NULL,NULL
12263,42935,1416473163,0,0.0,0.0
12263,41347,1416473163,0,0.0,0.0
12263,40179,1416559197,-1,0.0,0.0
12272,46260,1416442385,1,NULL,NULL
12272,39228,1416442348,0,0.0,0.0
12272,44325,1416442385,-1,0.0,0.0
12272,39673,1416442348,1,0.0,0.0
12272,56244,1416442348,0,NULL,NULL
12272,47197,1416442348,-1,NULL,NULL
12272,58231,1416442348,0,0.0,0.0
12272,58107,1416442385,-1,NULL,NULL
12272,56402,1416442385,-1,0.0,0.0
12272,57268,1416442385,1,NULL,NULL
12274,46933,1416442170,0,NULL,NULL
12274,44974,1416442107,-1,NULL,NULL
12274,43538,1416442107,-1,NULL,NULL
12274,56962,1416442107,0,0.0,0.0
12274,56796,1416442107,-1,0.0,0.0
12274,38614,1416442170,-1,NULL,NULL
12274,56535,1416442170,1,NULL,NULL
12274,39206,1416442170,-1,0.0,0.0
12274,55789,1416442107,1,0.0,0.0
12274,56193,1416442107,-1,0.0,0.0
12290,58226,1416332843,-1,0.0,0.0
12290,46166,1416332843,0,NULL,NULL
12290,37983,1416332843,0,0.0,0.0
12290,45640,1416348471,0,NULL,NULL
12290,55888,1416348471,0,0.0,0.0
12290,56735,1416348471,0,NULL,NULL
12290,39354,1416348471,-1,0.0,0.0
12290,46843,1416348471,0,NULL,NULL
12295,41341,1416340920,0,0.0,0.0
12295,39184,1416340920,1,0.0,0.0
12295,56399,1416340920,1,NULL,NULL
12295,43347,1416340920,1,0.0,0.0
12295,56420,1416340920,1,NULL,NULL
12295,59542,1416340920,1,0.0,0.0
12295,56232,1416340920,1,0.0,0.0
12295,56249,1416340920,-1,0.0,0.0
12295,61115,1416340827,0,NULL,NULL
12295,47204,1416340920,0,0.0,0.0
12304,56356,1414656361,1,0.0,0.0
12304,44402,1414656361,0,0.0,0.0
12304,41719,1416219917,1,NULL,NULL
12304,39683,1416220532,-1,0.0,0.0
12304,46217,1416221235,1,0.0,0.0
12304,59734,1416300165,1,0.0,0.0
12306,41626,1414662035,1,0.0,0.0
12306,60020,1414662035,0,0.0,0.0
12306,56938,1414662035,0,0.0,0.0
12306,39288,1414662035,0,0.0,0.0
12306,45304,1414662035,0,NULL,NULL
12306,43548,1414662035,-1,NULL,NULL
12306,47534,1414662035,1,NULL,NULL
12306,56461,1414662035,0,0.0,0.0
12306,56133,1414662035,0,0.0,0.0
12306,45727,1414662035,1,NULL,NULL
12315,61254,1416217467,0,0.0,0.0
12315,60882,1416217467,-1,0.0,0.0
12315,61100,1416217467,-1,NULL,NULL
12315,55965,1416217467,1,0.0,0.0
12315,44010,1416217467,1,NULL,NULL
12315,44064,1416217467,0,NULL,NULL
12315,40080,1416217467,0,0.0,0.0
12315,43152,1416217467,0,NULL,NULL
12315,52117,1416217467,-1,-1.0,-1.0
12315,56837,1416217467,1,0.0,0.0
12319,52346,1416004099,0,0.0,0.0
12319,61085,1416004099,0,NULL,NULL
12319,61033,1416004099,0,NULL,NULL
12319,57119,1416004099,-1,NULL,NULL
12319,52291,1416004099,0,0.0,0.0
12319,42680,1416004099,0,0.0,0.0
12319,45422,1416004099,0,NULL,NULL
12319,57398,1416004099,1,0.0,0.0
12319,59588,1416004099,0,0.0,0.0
12319,42870,1416004099,-1,NULL,NULL
12324,39450,1415964511,1,0.0,0.0
12324,56585,1415964419,1,0.0,0.0
12324,47890,1415964511,0,NULL,NULL
12324,41232,1415964511,0,0.0,0.0
12324,39258,1415964511,1,0.0,0.0
12324,56235,1415964419,0,0.0,0.0
12324,41786,1415964419,0,NULL,NULL
12324,47905,1415964511,0,NULL,NULL
12324,56588,1415964511,-1,NULL,NULL
12324,58107,1415964511,1,NULL,NULL
12327,55871,1415963395,-1,0.0,0.0
12327,52255,1415963395,0,0.0,0.0
12327,52358,1415963395,0,NULL,NULL
12327,40129,1415963395,0,0.0,0.0
12327,57223,1415963395,0,NULL,NULL
12327,56837,1415963395,-1,0.0,0.0
12327,41594,1415963395,1,0.0,0.0
12327,56490,1415963395,0,0.0,0.0
12327,56155,1415963395,1,0.0,0.0
12327,45923,1415963395,1,NULL,NULL
12333,46660,1415924681,-1,NULL,NULL
12333,57347,1415924681,0,NULL,NULL
12333,56068,1415924769,-1,NULL,NULL
12333,40142,1415924681,-1,0.0,0.0
12333,56691,1415924681,0,0.0,0.0
12333,58107,1415924681,0,NULL,NULL
12333,56510,1415924769,1,NULL,NULL
12333,58312,1415924681,-1,NULL,NULL
12333,60184,1415924681,-1,0.0,NULL
12333,61243,1415924681,0,0.0,0.0
12348,55748,1415838133,-1,0.0,0.0
12348,57646,1415838133,0,0.0,0.0
12348,39610,1415838133,0,0.0,0.0
12348,39247,1415838133,-1,0.0,0.0
12348,47404,1415838133,0,NULL,NULL
12348,46041,1415838133,1,0.0,0.0
12348,40785,1415838133,0,NULL,NULL
12348,56227,1415838133,-1,0.0,0.0
12348,61149,1415838133,-1,NULL,NULL
12348,39979,1415838133,1,0.0,0.0
12352,60563,1415821716,0,NULL,NULL
12352,45347,1415821716,-1,NULL,NULL
12352,42723,1415821716,0,0.0,0.0
12352,60728,1415821716,1,NULL,NULL
12352,58214,1415821716,1,NULL,NULL
12352,46104,1415821716,0,NULL,NULL
12352,60731,1415821716,1,0.0,0.0
12352,39445,1415821716,-1,0.0,0.0
12352,39469,1415821716,1,0.0,0.0
12352,56177,1415821716,-1,NULL,NULL
12358,47191,1415733416,0,NULL,NULL
12358,52069,1415733416,1,0.0,0.0
12358,59811,1415733416,0,NULL,NULL
12358,46435,1415733416,0,NULL,NULL
12358,56101,1415733416,-1,NULL,NULL
12358,59866,1415733416,0,0.0,0.0
12358,41749,1415733416,-1,0.0,0.0
12358,41582,1415733416,0,0.0,0.0
12358,56102,1415733416,-1,0.0,0.0
12358,44201,1415733416,0,0.0,0.0
12369,43120,1415634767,-1,NULL,NULL
12369,61196,1415634767,1,NULL,NULL
12369,39686,1415634767,0,-1.0,NULL
12369,43796,1415634767,0,0.0,0.0
12369,46953,1415634767,-1,0.0,0.0
12369,57638,1415634767,-1,0.0,0.0
12369,45028,1415634767,0,0.0,0.0
12369,61021,1415634767,-1,0.0,0.0
12369,40153,1415634767,-1,NULL,NULL
12369,40101,1415634767,0,NULL,NULL
12371,55756,1415622206,0,0.0,0.0
12371,39623,1415622206,0,0.0,0.0
12371,39156,1415622206,-1,NULL,NULL
12371,41725,1415622206,0,NULL,NULL
12371,56842,1415622206,0,0.0,0.0
12371,43156,1415622206,-1,0.0,0.0
12371,39462,1415622206,1,0.0,0.0
12371,43540,1415622206,-1,NULL,NULL
12371,43002,1415622206,1,0.0,0.0
12371,39139,1415622206,-1,NULL,NULL
12374,41544,1415620052,1,0.0,0.0
12374,39755,1415620052,0,-1.0,-1.0
12374,46986,1415620052,0,0.0,0.0
12374,56510,1415620052,1,NULL,NULL
12374,56126,1415620052,0,NULL,NULL
12374,39405,1415620052,-1,0.0,0.0
12374,43001,1415620052,-1,0.0,0.0
12374,37887,1415620052,1,NULL,NULL
12374,39529,1415620052,0,0.0,0.0
12374,45354,1415620052,-1,NULL,NULL
12380,39590,1415617359,1,0.0,0.0
12380,61224,1415617359,1,NULL,NULL
12380,39552,1415617359,-1,0.0,0.0
12380,41238,1415617359,-1,0.0,0.0
12380,56521,1415617359,0,NULL,NULL
12380,44315,1415617359,0,0.0,0.0
12380,39226,1415617359,0,0.0,0.0
12380,56386,1415617359,0,NULL,NULL
12380,57103,1415617359,-1,0.0,0.0
12380,60068,1415617359,1,NULL,NULL
12388,57015,1415605959,0,0.0,0.0
12392,38835,1415434815,1,NULL,NULL
12392,40784,1415434815,0,0.0,0.0
12392,39503,1415434815,-1,0.0,0.0
12392,59912,1415434815,1,0.0,0.0
12392,47203,1415102647,0,0.0,0.0
12392,47014,1415434815,-1,NULL,NULL
12392,56640,1415102647,-1,NULL,NULL
12392,56494,1415102647,0,NULL,NULL
12392,41689,1415102647,0,0.0,0.0
12392,56331,1415434815,0,NULL,NULL
12394,44892,1415434436,0,NULL,NULL
12394,56007,1415434605,0,0.0,0.0
12394,43757,1415434605,0,0.0,0.0
12394,46151,1415434436,0,NULL,NULL
12394,41534,1415434605,0,0.0,0.0
12394,40071,1415434605,-1,NULL,NULL
12394,41473,1415434436,-1,0.0,0.0
12394,59748,1415434605,1,0.0,0.0
12394,45095,1415434605,0,0.0,0.0
12394,41544,1415434436,1,0.0,0.0
12406,43862,1415222952,0,NULL,NULL
12406,57230,1415222802,1,NULL,NULL
12406,56735,1415222952,0,NULL,NULL
12406,40136,1415222802,-1,0.0,0.0
12406,45264,1415222952,-1,NULL,NULL
12406,56498,1415222802,0,0.0,0.0
12406,59850,1415222802,1,NULL,NULL
12406,40770,1415222802,-1,0.0,0.0
12406,52008,1415222802,0,0.0,0.0
12406,57215,1415222802,-1,NULL,NULL
12416,59714,1415148106,0,0.0,0.0
12416,47350,1415148106,1,NULL,NULL
12416,55893,1415148106,-1,0.0,0.0
12416,61196,1415148106,-1,NULL,NULL
12416,37809,1415148106,0,0.0,0.0
12416,59839,1415148106,0,0.0,0.0
12416,40077,1415148106,0,NULL,NULL
12416,39641,1415148106,0,NULL,NULL
12416,41280,1415148106,0,0.0,0.0
12416,47007,1415148106,-1,NULL,NULL
12422,41254,1415104051,-1,NULL,NULL
12422,39207,1415104051,1,0.0,0.0
12422,61176,1415104051,0,NULL,NULL
12422,39187,1415104051,-1,0.0,0.0
12422,37878,1415104051,1,0.0,0.0
12422,51833,1415104051,-1,NULL,NULL
12422,43305,1415104051,-1,0.0,0.0
12422,39831,1415104051,0,0.0,0.0
12422,56012,1415104051,0,0.0,0.0
12422,56689,1415104051,0,0.0,0.0
12424,52458,1415102302,1,NULL,NULL
12424,45361,1415099788,1,NULL,NULL
12424,56131,1415102302,0,0.0,0.0
12424,39990,1415102302,-1,0.0,0.0
12424,59789,1415099788,0,0.0,0.0
12424,41466,1415099788,0,0.0,0.0
12424,41861,1415099788,0,0.0,0.0
12424,59807,1415099788,0,0.0,0.0
12424,45980,1415102302,-1,0.0,0.0
12424,59649,1415099788,1,0.0,0.0
12429,41480,1415061893,-1,NULL,NULL
12429,56125,1415061893,0,0.0,0.0
12429,44201,1415061893,0,0.0,0.0
12429,46093,1415061893,0,NULL,NULL
12429,58231,1415061893,0,0.0,0.0
12429,45838,1415061893,1,0.0,0.0
12429,56201,1415061893,0,NULL,NULL
12429,41689,1415061893,-1,0.0,0.0
12429,41554,1415061893,1,NULL,NULL
12429,47545,1415061893,-1,NULL,NULL
12431,39728,1415059006,-1,0.0,0.0
12431,52248,1415058906,0,NULL,NULL
12431,57621,1415059006,-1,0.0,0.0
12431,45842,1415058906,-1,0.0,0.0
12431,41315,1415059006,0,0.0,0.0
12431,56408,1415059006,1,NULL,NULL
12431,40101,1415059006,0,NULL,NULL
12431,55922,1415059006,0,0.0,0.0
12431,37818,1415059006,0,0.0,0.0
12431,58121,1415059006,1,NULL,NULL
12435,44430,1415040767,1,0.0,0.0
12435,56470,1415040767,1,0.0,0.0
12435,46082,1415040767,-1,0.0,0.0
12435,42736,1415040767,0,0.0,0.0
12435,61207,1415042346,0,NULL,NULL
12435,45730,1415042346,-1,NULL,NULL
12435,59824,1415042346,1,NULL,NULL
12435,56893,1415042346,1,0.0,0.0
12436,59551,1415042332,-1,0.0,0.0
12436,60575,1415042332,-1,NULL,NULL
12436,37825,1415042332,1,0.0,NULL
12436,59850,1415042332,1,NULL,NULL
12436,46112,1415042332,-1,0.0,0.0
12436,39553,1415042332,-1,1.0,1.0
12436,60890,1415042332,1,NULL,NULL
12436,56283,1415042332,0,NULL,NULL
12436,59900,1415042332,-1,NULL,NULL
12436,39534,1415042332,1,-1.0,-1.0
12439,39329,1415015400,1,0.0,0.0
12449,41763,1414761737,0,0.0,0.0
12449,41150,1414761737,0,NULL,NULL
12449,39548,1414761737,0,NULL,NULL
12449,46231,1414762567,0,0.0,0.0
12449,37804,1414761737,0,NULL,NULL
12449,43869,1414762567,0,NULL,NULL
12449,59768,1414762567,0,0.0,0.0
12449,43987,1414761737,0,NULL,NULL
12449,41309,1414762567,-1,0.0,0.0
12449,57366,1414761737,0,0.0,0.0
12454,55871,1414693658,-1,0.0,0.0
12454,45099,1414693658,-1,0.0,0.0
12454,56409,1414693658,-1,0.0,0.0
12454,56748,1414693658,-1,0.0,0.0
12454,41339,1414693658,-1,NULL,NULL
12454,59659,1414693658,-1,0.0,0.0
12454,41570,1414693658,0,0.0,0.0
12454,61210,1414693658,-1,NULL,NULL
12454,39824,1414693658,0,NULL,NULL
12454,56002,1414693658,1,NULL,NULL
12462,56849,1414660914,1,0.0,0.0
12462,37705,1414660914,-1,NULL,NULL
12462,44319,1414660914,0,0.0,0.0
12462,55787,1414660914,-1,NULL,NULL
12462,52025,1414660914,0,NULL,NULL
12462,40821,1414660914,0,0.0,0.0
12462,43367,1414660914,0,0.0,0.0
12462,46112,1414660914,0,0.0,0.0
12462,56296,1414660914,-1,NULL,NULL
12462,56204,1414660914,0,0.0,0.0
12478,56719,1414108781,0,0.0,0.0
12478,56738,1414108781,1,0.0,0.0
12478,39282,1414108831,0,0.0,0.0
12478,61211,1414108781,1,NULL,NULL
12478,56654,1414108781,0,0.0,0.0
12478,52053,1414108781,-1,0.0,0.0
12478,45550,1414108831,1,0.0,0.0
12478,56519,1414108831,0,0.0,0.0
12478,45950,1414108831,0,NULL,NULL
12478,45206,1414108781,-1,NULL,NULL
12482,39725,1414100336,1,-1.0,-1.0
12482,51974,1414100336,-1,NULL,NULL
12482,56785,1414100336,-1,0.0,0.0
12482,56842,1414100336,0,0.0,0.0
12482,56504,1414100336,-1,NULL,NULL
12482,47846,1414100336,-1,NULL,NULL
12482,60472,1414100336,-1,NULL,NULL
12482,60132,1414100336,1,0.0,0.0
12482,56654,1414100336,1,0.0,0.0
12482,52361,1414100336,-1,0.0,0.0
12491,39602,1413568538,0,0.0,0.0
12491,39679,1413568538,0,0.0,0.0
12491,56450,1413568538,0,NULL,NULL
12491,61136,1413568538,-1,NULL,NULL
12491,51621,1413568538,0,NULL,NULL
12491,59602,1413568538,-1,0.0,0.0
12491,41415,1413568538,-1,NULL,NULL
12491,58174,1413568538,0,NULL,NULL
12491,56249,1413568538,0,0.0,0.0
12491,60716,1413568538,-1,NULL,NULL
12493,55983,1413496204,1,0.0,0.0
12493,59736,1413496204,0,0.0,0.0
12493,56740,1413496204,0,0.0,0.0
12493,39621,1413496204,-1,0.0,0.0
12493,43021,1413496204,-1,0.0,0.0
12493,47864,1413496204,0,NULL,NULL
12493,47682,1413496204,0,0.0,0.0
12493,42975,1413496204,-1,0.0,0.0
12493,55878,1413496204,1,0.0,0.0
12493,42613,1413496204,-1,0.0,0.0
12502,46930,1413434106,-1,0.0,0.0
12502,56406,1413434106,-1,NULL,NULL
12502,44013,1413434106,-1,NULL,NULL
12502,39569,1413434106,-1,NULL,NULL
12502,45353,1413434106,-1,NULL,NULL
12502,45890,1413434106,0,NULL,NULL
12502,46924,1413434106,0,0.0,0.0
12502,47206,1413434106,1,0.0,0.0
12502,43008,1413434106,-1,0.0,NULL
12502,56560,1413434106,1,NULL,NULL
12507,56152,1413406702,1,NULL,NULL
12507,60877,1413406702,-1,NULL,NULL
12507,46973,1413406702,1,NULL,NULL
12507,39351,1413406702,0,0.0,0.0
12507,57376,1413406702,-1,0.0,0.0
12507,39518,1413406419,0,0.0,0.0
12507,39548,1413406419,-1,NULL,NULL
12507,52125,1413406702,0,NULL,NULL
12507,40829,1413406702,1,NULL,NULL
12507,60706,1413406702,0,NULL,NULL
12509,59713,1413351153,0,0.0,0.0
12509,52141,1413351153,1,NULL,NULL
12509,46134,1413351153,1,NULL,NULL
12509,56306,1413351153,1,NULL,NULL
12509,39984,1413351153,0,NULL,NULL
12509,56228,1413351153,-1,0.0,0.0
12509,60018,1413351153,-1,0.0,0.0
12509,45893,1413351153,-1,NULL,NULL
12509,55908,1413351153,0,0.0,0.0
12509,47537,1413351153,0,0.0,0.0
12511,57365,1413350895,0,1.0,1.0
12511,39790,1413350895,-1,0.0,NULL
12511,40818,1413350895,1,NULL,NULL
12511,56390,1413350895,0,NULL,NULL
12511,39338,1413350895,1,0.0,0.0
12511,47302,1413350895,-1,NULL,NULL
12511,52123,1413350895,0,NULL,NULL
12511,47534,1413350895,0,NULL,NULL
12511,56834,1413350895,0,0.0,0.0
12511,46925,1413350895,1,0.0,0.0
12516,56614,1413289537,-1,0.0,0.0
12516,39225,1413289430,1,0.0,0.0
12516,40094,1412680778,1,0.0,0.0
12516,56325,1413289537,-1,0.0,0.0
12516,56624,1413173703,1,NULL,NULL
12516,60950,1413173703,0,NULL,NULL
12516,56358,1413289537,-1,NULL,NULL
12516,46996,1412680778,0,0.0,0.0
12516,58325,1413289537,-1,NULL,NULL
12516,43582,1413289537,1,0.0,0.0
12520,57994,1413233865,-1,NULL,NULL
12520,42947,1413233865,-1,1.0,NULL
12520,47895,1413233865,1,NULL,NULL
12520,52061,1413233865,1,NULL,NULL
12520,43645,1413233865,1,NULL,NULL
12520,60772,1413233865,0,0.0,0.0
12520,38986,1413233865,1,NULL,NULL
12520,61147,1413233865,0,NULL,NULL
12520,61192,1413233865,-1,NULL,NULL
12520,56348,1413233865,1,NULL,NULL
12522,42824,1412983728,1,0.0,0.0
12522,41763,1412983728,0,0.0,0.0
12522,56361,1413175203,0,NULL,NULL
12522,59824,1413175203,1,NULL,NULL
12522,57022,1412983728,1,0.0,0.0
12522,47302,1413175203,1,NULL,NULL
12522,43299,1413175203,1,-1.0,-1.0
12522,56387,1412983728,1,NULL,NULL
12522,60939,1413175203,1,0.0,0.0
12522,60706,1412983728,1,NULL,NULL
12535,57008,1412158310,1,0.0,0.0
12535,38616,1413173662,1,NULL,NULL
12539,55967,1412070615,1,0.0,0.0
12539,41519,1412070615,0,0.0,0.0
12539,38679,1412070615,1,NULL,NULL
12539,45610,1413173346,1,NULL,NULL
12539,56888,1413173346,0,0.0,0.0
12539,43239,1413173346,1,0.0,0.0
12540,44295,1412070614,1,NULL,NULL
12540,57105,1413173328,1,0.0,0.0
12543,56695,1411930270,0,0.0,0.0
12543,46135,1411930270,0,NULL,NULL
12543,46610,1411930270,0,NULL,NULL
12543,44451,1411930270,0,0.0,0.0
12543,60874,1413173140,0,NULL,NULL
12543,41697,1413173140,0,0.0,0.0
12543,39429,1413173140,0,NULL,NULL
12543,60938,1413173140,0,NULL,NULL
12599,39558,1411040425,-1,0.0,0.0
12609,46215,1410788709,-1,0.0,0.0
12609,47866,1410788709,1,NULL,NULL
12612,59606,1410756354,1,0.0,0.0
12612,43799,1410756354,-1,0.0,0.0
12612,55903,1410756354,1,NULL,NULL
12614,45337,1410516204,1,NULL,NULL
12622,59696,1410328981,-1,0.0,0.0
12625,40966,1410296557,1,0.0,0.0
12632,57379,1409851530,1,0.0,0.0
12632,39664,1409926135,-1,NULL,NULL
12639,39634,1409851536,0,0.0,0.0
12639,57366,1409851536,-1,0.0,0.0
12640,39301,1409844559,1,NULL,NULL
12640,56364,1409844559,0,NULL,NULL
12640,38680,1409844559,1,NULL,NULL
12640,41391,1409844559,0,0.0,0.0
12640,57355,1409844559,0,NULL,NULL
12647,45760,1409683861,0,0.0,0.0
12653,40839,1409488938,1,0.0,0.0
12653,58351,1409488938,0,NULL,NULL
12653,60673,1409488938,1,NULL,NULL
12653,39256,1409488938,0,0.0,0.0
12654,47693,1409219880,1,NULL,NULL
12654,47295,1409221871,0,NULL,NULL
12658,38660,1409124904,1,NULL,NULL
12658,39642,1409124904,1,NULL,NULL
12662,58012,1409044731,0,0.0,0.0
12664,56982,1409041668,0,0.0,0.0
12664,46923,1409041668,0,0.0,0.0
12664,41432,1409041668,0,-1.0,-1.0
12664,56907,1409041668,0,0.0,0.0
12664,46938,1409041668,1,NULL,NULL
12664,47523,1409041668,0,NULL,NULL
12664,45647,1409041668,0,1.0,1.0
12667,61142,1408958790,0,NULL,NULL
12669,46265,1408703754,1,0.0,0.0
12674,56858,1408614884,0,0.0,0.0
12674,45997,1408614884,0,0.0,0.0
12677,56247,1408530488,0,0.0,0.0
12677,52056,1408530488,-1,0.0,0.0
12677,55898,1408530488,0,NULL,NULL
12677,44044,1408530488,0,NULL,NULL
12677,41441,1408530488,1,0.0,0.0
12680,56188,1408512078,1,NULL,NULL
12680,61093,1408512078,0,NULL,NULL
12684,55987,1408371266,0,0.0,0.0
12687,57021,1408326493,1,0.0,0.0
12687,57035,1408326493,1,0.0,0.0
12690,56004,1408342109,1,0.0,0.0
12690,39515,1408342109,0,0.0,NULL
12696,59935,1407993347,-1,NULL,NULL
12696,39297,1407993347,0,0.0,0.0
12698,46087,1407935044,1,0.0,0.0
12703,45538,1403133229,-1,NULL,NULL
12703,40083,1407868988,-1,NULL,NULL
12703,47680,1407868988,-1,0.0,0.0
12703,39972,1407868988,1,0.0,0.0
12703,40829,1407868988,0,NULL,NULL
12703,39455,1407868988,1,NULL,NULL
12703,41277,1407868988,-1,NULL,NULL
12707,38126,1407841068,0,NULL,NULL
12707,40025,1407841068,0,NULL,NULL
12709,46367,1407794218,-1,NULL,NULL
12709,39698,1407794218,-1,-1.0,-1.0
12709,56644,1407794218,-1,0.0,0.0
12709,44032,1407794218,-1,NULL,NULL
12710,46013,1407445318,0,-1.0,NULL
12710,59713,1407445318,0,0.0,0.0
12710,60967,1407790271,1,0.0,0.0
12712,60958,1407542893,1,NULL,NULL
12723,45376,1407285413,0,NULL,NULL
12723,41619,1407285413,-1,0.0,0.0
12727,41834,1407234961,0,0.0,0.0
12728,56601,1407213000,0,0.0,0.0
12729,56446,1407229872,0,0.0,0.0
12731,46106,1407195628,1,0.0,0.0
12732,39439,1407193478,1,0.0,0.0
12739,61054,1406808198,0,NULL,NULL
12739,60836,1406808198,1,NULL,NULL
12739,37972,1406872220,-1,0.0,0.0
12739,45260,1406872220,0,0.0,0.0
12739,47392,1406890965,0,NULL,NULL
12739,56766,1406890965,1,0.0,0.0
12741,56536,1406881686,1,NULL,NULL
12741,52240,1406881686,1,0.0,0.0
12744,56584,1406849793,0,NULL,NULL
12744,57389,1406849793,0,1.0,1.0
12748,56813,1406770065,0,0.0,0.0
12757,57114,1406588541,0,NULL,NULL
12765,45295,1406278252,0,NULL,NULL
12773,39361,1406187345,-1,0.0,0.0
12779,44451,1406087912,1,0.0,0.0
12779,52268,1406087912,0,NULL,NULL
12786,56264,1405976898,1,NULL,NULL
12786,52025,1401228458,0,NULL,NULL
12786,46931,1401228458,0,0.0,0.0
12786,56656,1401228458,-1,NULL,NULL
12786,43798,1401228458,0,0.0,0.0
12786,39597,1405976898,1,0.0,0.0
12786,45030,1401228458,0,0.0,0.0
12786,60957,1405976898,0,NULL,NULL
12786,41747,1401228458,0,0.0,0.0
12786,61124,1405976898,1,NULL,NULL
12790,56041,1405934347,0,0.0,0.0
12791,46744,1405932589,0,NULL,NULL
12791,41433,1405932589,1,NULL,NULL
12791,60700,1405932589,0,NULL,NULL
12791,43433,1405932589,0,0.0,0.0
12791,56808,1405932589,1,NULL,NULL
12791,47846,1405932589,0,NULL,NULL
12791,41834,1405932589,1,0.0,0.0
12791,52049,1405932589,0,NULL,NULL
12791,55756,1405932589,1,0.0,0.0
12791,59589,1405932589,0,0.0,0.0
12803,60037,1405587385,0,NULL,NULL
12812,44749,1405347636,0,NULL,NULL
12812,45684,1405347636,0,0.0,0.0
12814,56703,1405119771,0,0.0,0.0
12815,47856,1405078575,0,0.0,0.0
12817,56728,1404923894,-1,0.0,0.0
12828,39512,1404735006,-1,0.0,0.0
12830,42615,1404724018,1,0.0,0.0
12842,55839,1404164497,1,NULL,NULL
12842,60635,1404164497,1,NULL,NULL
12858,45587,1403546052,-1,0.0,0.0
12858,61107,1403546052,-1,NULL,NULL
12858,40018,1403546052,-1,0.0,0.0
12858,38615,1403546052,0,NULL,NULL
12858,57724,1403546052,1,NULL,NULL
12861,40126,1403505910,1,0.0,0.0
12864,45842,1403258870,1,0.0,0.0
12864,57017,1403258870,1,0.0,0.0
12865,55892,1403174216,1,0.0,0.0
12866,56318,1403170616,1,0.0,0.0
12866,57108,1403170616,0,NULL,NULL
12866,47541,1403170616,0,NULL,NULL
12866,44221,1403170616,0,NULL,NULL
12866,61205,1403170616,0,NULL,NULL
12866,59922,1403170616,0,NULL,NULL
12866,55823,1403170616,0,0.0,0.0
12866,57086,1403170616,0,0.0,0.0
12866,45958,1403170616,0,NULL,NULL
12875,41137,1403007852,-1,0.0,NULL
12882,55795,1402651020,0,0.0,0.0
12886,42732,1402615504,0,NULL,NULL
12886,57393,1402615504,1,0.0,0.0
12890,41325,1402571924,1,0.0,0.0
12891,46900,1402563176,1,NULL,NULL
12895,52270,1402525496,0,0.0,0.0
12895,41740,1402525496,0,NULL,NULL
12895,47605,1402525496,0,0.0,0.0
12895,45547,1402525496,-1,0.0,0.0
12895,47493,1402525496,0,NULL,NULL
12895,59749,1402525496,0,0.0,0.0
12895,56725,1402525496,0,NULL,NULL
12895,39752,1402525496,-1,0.0,NULL
12895,41497,1402525496,0,0.0,0.0
12895,57385,1402525496,-1,-1.0,-1.0
12904,40150,1402096531,0,0.0,0.0
12904,52340,1402096531,-1,1.0,NULL
12913,58315,1401472122,1,NULL,NULL
12913,58312,1401472122,1,NULL,NULL
12913,46119,1401472122,1,NULL,NULL
12913,56541,1401472122,0,0.0,0.0
12913,52333,1401472122,1,NULL,NULL
12913,47409,1401472122,0,NULL,NULL
12913,55771,1401472122,0,NULL,NULL
12913,44319,1401472122,0,0.0,0.0
12913,56744,1401472122,1,0.0,0.0
12913,59651,1401486965,1,0.0,0.0
12914,40822,1401441399,-1,NULL,NULL
12914,46243,1401441399,1,-1.0,NULL
12915,46762,1401351521,1,NULL,NULL
12915,40197,1401351521,0,0.0,0.0
12916,46218,1401313257,1,0.0,0.0
12920,44772,1401229001,1,NULL,NULL
12920,46835,1401229001,1,NULL,NULL
12920,60709,1401229001,1,NULL,NULL
12925,60022,1401200467,1,0.0,0.0
12927,46277,1401183834,0,0.0,0.0
12933,44878,1400808505,1,NULL,NULL
12934,38869,1400808494,0,NULL,NULL
12935,40133,1400808480,-1,0.0,0.0
12935,40054,1400808480,-1,NULL,NULL
12935,43562,1400808480,-1,0.0,0.0
12935,41590,1400808480,-1,0.0,0.0
12937,59850,1400748342,-1,NULL,NULL
12937,55796,1400748342,1,0.0,0.0
12937,39556,1400748342,1,0.0,0.0
12953,59745,1400065916,-1,NULL,NULL
12953,60709,1400065916,1,NULL,NULL
12953,55812,1400065916,0,0.0,0.0
12953,60360,1400065916,1,NULL,NULL
12954,56187,1400060128,1,0.0,0.0
12954,59912,1400060128,0,0.0,0.0
12954,56284,1400060128,0,0.0,0.0
12954,56002,1400060128,0,NULL,NULL
12954,40840,1400060128,1,0.0,0.0
12954,39451,1400060128,1,0.0,0.0
12954,57612,1400060128,0,0.0,0.0
12964,42729,1399686471,-1,0.0,0.0
12967,55982,1399655613,0,NULL,NULL
12967,57640,1398734508,-1,0.0,0.0
12967,52082,1398734508,1,0.0,0.0
12967,56671,1398734508,0,0.0,0.0
12967,46607,1399588640,0,NULL,NULL
12967,56072,1399655613,0,NULL,NULL
12967,45337,1399588640,0,NULL,NULL
12967,42628,1398734508,0,0.0,0.0
12967,39341,1399588640,0,NULL,NULL
12967,43522,1398734508,1,NULL,NULL
12971,39978,1399633266,-1,NULL,NULL
12972,57656,1399616368,0,NULL,NULL
12972,60996,1399616368,1,0.0,0.0
12972,56766,1399616368,0,0.0,0.0
12972,42760,1399616368,0,0.0,0.0
12984,39024,1399498441,1,NULL,NULL
12984,56865,1399498441,1,0.0,0.0
12984,42932,1399498441,1,0.0,0.0
12984,52373,1399498441,-1,NULL,NULL
12984,55977,1399498441,0,0.0,0.0
12995,39541,1399387110,1,-1.0,-1.0
13001,42676,1399295725,1,0.0,0.0
13006,39824,1399270150,0,NULL,NULL
13006,52305,1399270150,1,0.0,0.0
13006,55891,1399270150,-1,NULL,NULL
13010,60328,1399067891,0,0.0,0.0
13010,41550,1399067891,0,NULL,NULL
13010,52272,1399067891,0,0.0,0.0
13010,56033,1399067891,0,0.0,0.0
13010,56491,1399067891,0,0.0,0.0
13010,40281,1399071673,0,0.0,0.0
13010,41805,1399071673,0,0.0,0.0
13015,58218,1398985048,1,NULL,NULL
13015,41315,1398985048,0,0.0,0.0
13015,56912,1398985048,0,0.0,0.0
13015,39646,1398985048,0,NULL,NULL
13020,56530,1398985047,1,0.0,0.0
13025,46106,1394635843,-1,0.0,0.0
13025,40101,1394635843,0,NULL,NULL
13025,39553,1394635843,0,NULL,NULL
13025,39495,1394635843,0,-1.0,-1.0
13025,55988,1394635843,0,0.0,0.0
13025,56086,1394635843,0,0.0,0.0
13025,44388,1398865140,0,0.0,0.0
13025,60704,1394635843,0,NULL,NULL
13025,47911,1394635843,0,NULL,NULL
13025,55982,1394635843,0,NULL,NULL
13028,60139,1398750085,0,0.0,0.0
13041,60988,1398418338,-1,0.0,0.0
13044,52065,1398385622,0,0.0,0.0
13044,55851,1398385622,0,0.0,0.0
13044,45835,1398385622,0,0.0,0.0
13044,45889,1398385622,1,NULL,NULL
13044,56864,1398385622,-1,0.0,0.0
13052,59664,1398069617,1,0.0,0.0
13053,52241,1393035997,0,NULL,NULL
13053,56696,1393035997,0,0.0,0.0
13053,57009,1393035997,0,0.0,0.0
13053,43307,1393035997,0,0.0,0.0
13053,56474,1393035997,0,NULL,NULL
13053,56561,1392868029,0,0.0,0.0
13053,56418,1393035997,0,NULL,NULL
13053,59623,1393035997,0,0.0,0.0
13053,61100,1393035997,0,NULL,NULL
13053,41143,1393035997,0,0.0,0.0
13056,44245,1397819661,1,0.0,0.0
13056,41742,1397819661,0,NULL,NULL
13056,56563,1397819661,1,NULL,NULL
13056,44402,1397819661,1,0.0,0.0
13056,60368,1397819661,1,0.0,0.0
13056,42663,1397819661,0,0.0,0.0
13063,44243,1397782517,-1,0.0,0.0
13068,39726,1397697039,1,-1.0,-1.0
13070,41826,1397645348,1,0.0,0.0
13070,45287,1397645348,0,0.0,0.0
13077,46069,1397597008,1,NULL,NULL
13083,56086,1397183261,1,0.0,0.0
13083,61158,1397183261,0,NULL,NULL
13083,45629,1397183261,1,0.0,0.0
13083,59547,1397183261,1,0.0,0.0
13083,52040,1397183261,1,0.0,0.0
13083,39198,1397183261,1,NULL,NULL
13083,39440,1397183261,0,0.0,0.0
13083,41590,1397183261,0,0.0,0.0
13083,39448,1397183261,0,0.0,0.0
13083,41528,1397183261,0,0.0,0.0
13084,46754,1397143384,0,NULL,NULL
13084,40297,1397143384,0,0.0,0.0
13084,43156,1397143384,1,0.0,0.0
13084,59565,1397143384,1,0.0,0.0
13084,60563,1397143384,1,NULL,NULL
13084,55794,1397143384,0,0.0,0.0
13084,39985,1397143384,1,0.0,0.0
13084,40180,1397143384,1,0.0,0.0
13084,45219,1397143384,1,0.0,0.0
13084,56016,1397143384,1,NULL,NULL
13089,45017,1397121314,1,0.0,0.0
13095,46130,1397045219,1,NULL,NULL
13098,56209,1396980789,-1,0.0,0.0
13098,56184,1396980789,1,NULL,NULL
13098,57921,1396980789,1,NULL,NULL
13098,46124,1396980789,1,0.0,0.0
13098,37814,1396980789,1,0.0,0.0
13098,55833,1396980789,0,0.0,0.0
13098,57376,1396980789,1,0.0,0.0
13100,57388,1396975209,1,-1.0,-1.0
13100,41331,1396975209,1,0.0,0.0
13100,56804,1396975209,1,0.0,0.0
13100,42649,1396975209,1,0.0,0.0
13100,52134,1396975209,-1,NULL,NULL
13100,39618,1396975209,0,0.0,NULL
13118,57729,1378331385,1,NULL,NULL
13118,39840,1378331385,0,0.0,0.0
13118,56607,1378331385,0,NULL,NULL
13118,55760,1378331385,0,NULL,NULL
13118,52008,1378331385,1,NULL,NULL
13118,47180,1378331385,0,0.0,0.0
13118,47662,1378331385,0,0.0,0.0
13118,56720,1378331385,1,NULL,NULL
13118,56150,1378331385,0,NULL,NULL
13118,47188,1378331385,1,NULL,NULL
13119,60248,1396451299,0,0.0,0.0
13119,56320,1396500676,0,NULL,NULL
13119,52042,1396505753,0,NULL,NULL
13126,58121,1396341024,1,NULL,NULL
13133,57326,1396048999,1,NULL,NULL
13133,61180,1396048999,-1,NULL,NULL
13133,45346,1396049007,0,NULL,NULL
13136,41705,1396048977,1,NULL,NULL
13139,56041,1396048961,1,0.0,0.0
13140,39346,1396048952,0,0.0,0.0
13143,52539,1396048925,0,0.0,0.0
13144,43494,1396048910,1,NULL,NULL
13147,56977,1396045807,0,0.0,0.0
13148,41506,1396042500,0,0.0,0.0
13148,46897,1396042500,1,0.0,0.0
13152,56067,1395917680,0,0.0,0.0
13159,37821,1395746026,0,NULL,NULL
13172,43938,1394062774,0,NULL,NULL
13172,59620,1394823478,1,0.0,0.0
13172,42666,1394823478,0,0.0,0.0
13172,45225,1394823478,0,0.0,0.0
13172,47871,1394823478,0,0.0,0.0
13173,41810,1394817437,1,0.0,0.0
13173,59926,1394817437,0,NULL,NULL
13173,40784,1394817437,1,0.0,0.0
13173,47691,1394817437,1,0.0,0.0
13173,56207,1394817437,1,0.0,0.0
13173,56024,1394817437,0,NULL,NULL
13177,39921,1394794678,1,NULL,NULL
13177,47496,1394794678,-1,NULL,NULL
13177,56336,1394794678,1,NULL,NULL
13177,39540,1394794678,1,0.0,0.0
13177,60106,1394794678,1,0.0,0.0
13178,41466,1394790255,1,0.0,0.0
13178,41677,1394790255,1,NULL,NULL
13178,39646,1394792154,0,0.0,0.0
13179,39728,1394784439,0,0.0,0.0
13179,38616,1394784439,0,NULL,NULL
13179,57209,1394784439,0,NULL,NULL
13179,41306,1394784439,0,0.0,0.0
13179,43308,1394784439,0,0.0,0.0
13179,37707,1394784439,0,NULL,NULL
13179,56272,1394784439,0,NULL,NULL
13179,41708,1394784439,0,0.0,0.0
13179,41285,1394784439,1,NULL,NULL
13179,56862,1394784439,1,0.0,0.0
13192,60673,1394557992,0,NULL,NULL
13192,43412,1394557992,1,0.0,0.0
13192,55928,1394557992,1,0.0,0.0
13192,41392,1394557992,0,0.0,0.0
13192,45358,1394557992,0,NULL,NULL
13192,55805,1394557992,0,NULL,NULL
13192,59925,1394557992,1,NULL,NULL
13192,47521,1394557992,0,0.0,0.0
13192,40310,1394557992,-1,0.0,0.0
13192,59699,1394557992,0,0.0,0.0
13202,57894,1394476944,0,NULL,NULL
13202,45941,1394476944,0,NULL,NULL
13202,39151,1394476944,0,-1.0,-1.0
13202,40162,1394476944,0,0.0,0.0
13202,59719,1394476944,1,0.0,0.0
13202,56701,1394476944,0,0.0,0.0
13202,43646,1394476944,0,NULL,NULL
13202,61052,1394476944,0,NULL,NULL
13202,44236,1394476944,0,0.0,0.0
13202,42634,1394476944,0,0.0,0.0
13213,45294,1394041255,0,NULL,NULL
13213,56649,1394041255,0,NULL,NULL
13213,43139,1394041255,0,0.0,0.0
13213,43494,1394041255,0,NULL,NULL
13213,44814,1394041255,1,NULL,NULL
13213,57012,1394041255,0,0.0,0.0
13213,56437,1394041255,0,0.0,0.0
13213,46211,1394041255,0,NULL,NULL
13213,57726,1394041255,0,NULL,NULL
13213,56045,1394041255,0,0.0,0.0
13218,40109,1393976272,0,0.0,0.0
13218,56845,1393976272,0,0.0,0.0
13218,55995,1393976272,0,NULL,NULL
13218,61140,1393976272,0,NULL,NULL
13218,43496,1393976272,0,NULL,NULL
13218,45074,1393976272,1,NULL,NULL
13218,56308,1393976272,0,0.0,0.0
13218,51991,1393976272,0,0.0,0.0
13218,60656,1393976272,0,0.0,0.0
13218,58385,1393976272,0,NULL,NULL
13220,40303,1393967931,0,0.0,0.0
13220,56478,1393967931,0,NULL,NULL
13220,57663,1393967931,0,0.0,0.0
13220,46028,1393967931,1,NULL,NULL
13220,46770,1393967931,0,NULL,NULL
13220,57739,1393967931,0,NULL,NULL
13220,47535,1393967931,0,0.0,0.0
13220,47540,1393967931,0,0.0,0.0
13220,56525,1393967931,0,0.0,0.0
13220,56736,1393967931,0,0.0,0.0
13226,56907,1393630557,1,0.0,0.0
13226,46190,1393630557,0,NULL,NULL
13226,45684,1393630557,0,0.0,0.0
13229,52090,1393586217,0,0.0,0.0
13236,56403,1393402543,0,0.0,0.0
13236,60139,1393402543,0,0.0,0.0
13236,56498,1393402543,0,0.0,0.0
13236,45219,1393402543,1,0.0,0.0
13236,56901,1393402543,0,0.0,0.0
13236,60456,1393402543,0,NULL,NULL
13236,41349,1393402543,0,0.0,0.0
13236,56245,1393402543,1,0.0,0.0
13236,39809,1393402543,0,0.0,0.0
13236,41496,1393402543,0,NULL,NULL
13239,61158,1393248341,0,NULL,NULL
13239,56865,1393248341,-1,0.0,0.0
13239,39187,1393248341,0,0.0,0.0
13239,56088,1393248341,-1,0.0,0.0
13239,39159,1393248341,0,0.0,0.0
13239,45281,1393248341,0,NULL,NULL
13239,47846,1393248341,-1,NULL,NULL
13239,39782,1393248341,0,0.0,0.0
13239,39574,1393248341,0,0.0,0.0
13239,44304,1393248341,-1,0.0,0.0
13250,47611,1392776673,0,0.0,0.0
13250,43410,1392776673,0,0.0,0.0
13250,47410,1392776673,0,NULL,NULL
13250,59824,1392776673,0,NULL,NULL
13250,37821,1392776673,0,NULL,NULL
13250,47869,1392776673,0,0.0,0.0
13250,41620,1392776673,1,0.0,0.0
13250,45520,1392776673,0,0.0,0.0
13250,44567,1392776673,0,NULL,NULL
13250,39951,1392776673,0,0.0,0.0
13252,44748,1390616875,0,NULL,NULL
13252,59946,1392430200,0,0.0,0.0
13252,46903,1390616875,-1,0.0,0.0
13252,41676,1390616875,-1,0.0,0.0
13252,52121,1392430200,0,0.0,0.0
13252,56384,1392430200,0,NULL,NULL
13252,56512,1390616875,0,0.0,0.0
13252,45926,1392430200,0,NULL,NULL
13252,56521,1392430200,0,NULL,NULL
13252,55974,1392430200,-1,0.0,0.0
13255,45942,1392411353,0,0.0,0.0
13255,46999,1392411353,0,0.0,0.0
13255,61181,1392411353,0,0.0,0.0
13255,46762,1392411353,0,NULL,NULL
13255,56301,1392411353,0,0.0,0.0
13255,39304,1392411353,0,0.0,0.0
13255,60934,1392411353,0,NULL,NULL
13255,45666,1392411353,0,NULL,NULL
13255,46922,1392411353,0,0.0,0.0
13255,52094,1392411353,0,0.0,0.0
13267,58342,1392200625,1,NULL,NULL
13275,46087,1391646841,-1,0.0,0.0
13275,39738,1391818092,-1,NULL,NULL
13279,41768,1391517428,-1,0.0,0.0
13279,56535,1391517428,0,NULL,NULL
13279,59991,1391726818,0,NULL,NULL
13279,59731,1391517428,1,0.0,0.0
13279,39418,1391726818,1,NULL,NULL
13279,56610,1391517428,0,NULL,NULL
13279,46112,1391726818,0,0.0,0.0
13279,56557,1391726818,0,0.0,0.0
13279,57228,1391517428,0,NULL,NULL
13279,56484,1391726818,-1,0.0,0.0
13283,46986,1391595249,0,0.0,0.0
13283,45516,1391595249,0,NULL,NULL
13283,41749,1391595249,1,0.0,0.0
13283,40040,1391595249,0,0.0,0.0
13283,59714,1391595249,1,0.0,0.0
13283,40025,1391595249,0,0.0,0.0
13288,40024,1391540511,0,0.0,0.0
13288,43341,1391540511,0,0.0,0.0
13292,44048,1391493190,0,NULL,NULL
13292,39914,1391493190,1,0.0,0.0
13292,39721,1391493190,-1,NULL,NULL
13292,56976,1391493190,-1,0.0,0.0
13292,45218,1391493190,0,0.0,0.0
13292,39304,1391493190,0,0.0,0.0
13292,40841,1391493190,1,NULL,NULL
13292,42839,1391493190,0,0.0,0.0
13292,55891,1391493190,0,NULL,NULL
13292,45729,1391493190,-1,NULL,NULL
13295,56548,1391458579,1,0.0,0.0
13297,42962,1391410934,0,NULL,NULL
13299,39346,1391285304,1,0.0,0.0
13300,42746,1391198564,0,NULL,NULL
13300,55825,1391198564,0,0.0,0.0
13300,57438,1391198564,0,0.0,0.0
13300,41446,1391198564,0,NULL,NULL
13300,40070,1391198564,0,0.0,0.0
13300,57213,1391198564,0,NULL,NULL
13300,47613,1391198564,0,0.0,0.0
13300,56674,1391198564,0,0.0,0.0
13300,41366,1391198564,1,NULL,NULL
13300,45704,1391198564,0,NULL,NULL
13310,61093,1391083501,1,NULL,NULL
13310,58412,1391083501,0,0.0,0.0
13311,43992,1391082062,0,NULL,NULL
13312,57111,1391079558,-1,0.0,0.0
13312,56141,1391079558,0,0.0,0.0
13312,56857,1391079558,0,0.0,0.0
13312,52364,1391079558,0,0.0,0.0
13312,41527,1391079558,-1,0.0,0.0
13312,59690,1391079558,0,0.0,0.0
13312,59666,1391079558,-1,0.0,0.0
13312,57624,1391079558,0,0.0,0.0
13312,44466,1391079558,1,NULL,NULL
13312,46763,1391079558,0,0.0,0.0
13319,44044,1390971983,0,NULL,NULL
13319,44220,1390971983,1,NULL,NULL
13319,61022,1390971983,-1,0.0,0.0
13319,60738,1390971983,0,0.0,0.0
13319,43304,1390971983,0,0.0,0.0
13319,57228,1390971983,0,NULL,NULL
13319,56825,1390971983,0,0.0,0.0
13319,39740,1390971983,0,0.0,0.0
13319,46028,1390971983,0,NULL,NULL
13319,40838,1390971983,0,0.0,0.0
13326,56117,1390881065,1,NULL,NULL
13327,61183,1390872788,1,NULL,NULL
13329,39691,1390872788,0,0.0,0.0
13329,39456,1390872788,0,NULL,NULL
13329,56628,1390872788,0,NULL,NULL
13329,45759,1390872788,0,NULL,NULL
13329,41131,1390872788,0,0.0,0.0
13329,44549,1390872788,0,NULL,NULL
13329,45953,1390872788,0,0.0,0.0
13329,39125,1390872788,0,NULL,NULL
13329,56642,1390872788,0,0.0,0.0
13329,58385,1390872788,0,NULL,NULL
13332,39386,1390849878,0,0.0,0.0
13332,59692,1390849878,0,0.0,0.0
13332,59935,1390849878,0,NULL,NULL
13332,45203,1390849878,0,NULL,NULL
13332,58054,1390849878,0,0.0,0.0
13332,55949,1390849878,0,NULL,NULL
13332,61041,1390849878,0,NULL,NULL
13332,47302,1390849878,0,NULL,NULL
13332,60931,1390849878,1,NULL,NULL
13332,52301,1390849878,0,0.0,0.0
13339,52458,1390214103,1,NULL,NULL
13339,43771,1389056954,0,0.0,0.0
13339,47006,1389056954,0,NULL,NULL
13339,40075,1389056954,0,0.0,0.0
13339,39392,1389056954,-1,0.0,0.0
13339,60545,1389056954,-1,NULL,NULL
13339,39392,1389056954,1,0.0,0.0
13339,56123,1389056954,1,0.0,0.0
13339,56902,1390481823,1,0.0,0.0
13339,58413,1389056954,1,0.0,0.0
13341,46191,1390481052,0,NULL,NULL
13342,56076,1390477293,1,NULL,NULL
13344,46947,1390454649,-1,0.0,0.0
13344,47609,1390454649,0,0.0,0.0
13344,46037,1390454649,0,0.0,0.0
13359,45729,1390296158,1,NULL,NULL
13369,40083,1389947424,0,1.0,1.0
13369,44042,1389947424,1,NULL,NULL
13369,56554,1389947424,1,NULL,NULL
13369,45225,1389947424,1,NULL,NULL
13369,39203,1389947424,1,NULL,NULL
13370,44841,1389943276,1,NULL,NULL
13370,60963,1389943276,-1,NULL,NULL
13374,40150,1383215851,1,NULL,NULL
13374,46069,1389898778,0,0.0,0.0
13374,60552,1389908085,-1,NULL,NULL
13378,39993,1389863908,1,0.0,0.0
13381,56855,1389851943,0,0.0,0.0
13381,60905,1389851943,0,NULL,NULL
13383,56756,1389730512,1,0.0,0.0
13385,43975,1389820262,1,0.0,0.0
13385,39279,1389820262,-1,NULL,NULL
13385,39327,1389820262,0,0.0,0.0
13385,42850,1389820262,0,0.0,0.0
13385,43318,1389831747,0,0.0,0.0
13385,41752,1389831747,0,0.0,0.0
13396,40257,1389615467,0,NULL,NULL
13402,60702,1387543618,1,NULL,NULL
13437,43103,1389305778,1,0.0,0.0
13444,60974,1389230713,0,NULL,NULL
13444,42666,1389230713,0,NULL,NULL
13444,56014,1389230713,0,1.0,1.0
13444,56384,1389230713,-1,1.0,1.0
13444,39976,1389230713,1,NULL,NULL
13444,44298,1389230713,1,NULL,NULL
13444,43116,1389230713,0,0.0,0.0
13444,45628,1389233472,-1,0.0,0.0
13445,56489,1389231786,0,1.0,1.0
13445,56334,1389231786,1,1.0,1.0
13445,55744,1389231786,1,0.0,0.0
13445,42632,1389231786,1,0.0,0.0
13445,39770,1389231786,1,0.0,0.0
13445,61196,1389231786,1,NULL,NULL
13445,44248,1389231786,0,0.0,0.0
13463,57095,1389057737,-1,0.0,0.0
13463,44032,1389057737,-1,NULL,NULL
13465,59940,1389046962,0,0.0,0.0
13465,59732,1389046962,-1,0.0,0.0
13465,57597,1389046962,0,NULL,NULL
13465,59803,1389046962,0,NULL,NULL
13465,60106,1389046962,-1,0.0,0.0
13465,60317,1389046962,0,NULL,NULL
13465,47020,1389046962,0,NULL,NULL
13465,59711,1389046962,0,0.0,0.0
13465,61100,1389046962,0,NULL,NULL
13465,61156,1389046962,1,NULL,NULL
13472,61082,1388710093,-1,NULL,NULL
13472,58361,1389037203,0,NULL,NULL
13472,60100,1388710093,-1,0.0,0.0
13472,60742,1389037203,0,0.0,0.0
13472,43862,1388710093,0,NULL,NULL
13472,61039,1389037203,0,0.0,0.0
13472,51574,1388710093,0,NULL,NULL
13472,45920,1388710093,0,NULL,NULL
13472,42261,1389037203,0,NULL,NULL
13472,42676,1389037203,1,NULL,NULL
13484,56210,1388999055,-1,1.0,1.0
13494,45212,1388748328,1,-1.0,-1.0
13494,47863,1388748328,0,NULL,NULL
13496,45827,1388727150,0,NULL,NULL
13496,59722,1388727150,0,0.0,0.0
13496,61093,1388727150,0,NULL,NULL
13496,42676,1388727150,-1,NULL,NULL
13496,47509,1388727150,0,NULL,NULL
13496,46160,1388727150,0,NULL,NULL
13496,60640,1388727150,0,0.0,0.0
13496,59756,1388727150,0,0.0,0.0
13496,45552,1388727150,0,NULL,NULL
13496,45921,1388727150,-1,NULL,NULL
13512,41487,1388660947,1,0.0,0.0
13515,59754,1388575792,1,NULL,NULL
13518,61115,1388451703,1,NULL,NULL
13518,46611,1388451703,-1,NULL,NULL
13518,60637,1388451703,0,0.0,0.0
13524,60744,1388386233,-1,0.0,0.0
13524,39672,1388386233,1,0.0,0.0
13524,55888,1388386233,-1,0.0,0.0
13525,39420,1388202238,0,NULL,NULL
13525,44061,1388202238,0,NULL,NULL
13525,47295,1388202238,0,NULL,NULL
13525,52278,1388202238,0,NULL,NULL
13525,60869,1388202238,0,NULL,NULL
13525,57756,1388202238,0,NULL,NULL
13525,60634,1388202238,0,NULL,NULL
13525,43989,1388202238,-1,NULL,NULL
13525,44551,1388202238,0,NULL,NULL
13525,43535,1388202238,0,NULL,NULL
13538,45514,1388136362,0,NULL,NULL
13543,40825,1388134677,1,NULL,NULL
13543,60705,1388134677,1,NULL,NULL
13543,39520,1388134677,0,0.0,0.0
13543,55969,1388134677,0,0.0,0.0
13545,59981,1388057284,1,NULL,NULL
13545,56865,1388057284,1,0.0,0.0
13545,56187,1388123133,-1,0.0,0.0
13545,43420,1388123133,-1,NULL,NULL
13564,56269,1388036751,-1,0.0,0.0
13564,57108,1388036751,1,NULL,NULL
13564,58158,1388036751,0,0.0,0.0
13568,57367,1386377284,1,NULL,NULL
13568,46912,1387844886,1,NULL,NULL
13568,37820,1387844886,1,NULL,NULL
13568,57424,1387844886,0,0.0,0.0
13569,56425,1387799121,1,0.0,0.0
13573,60835,1387610252,-1,0.0,0.0
13573,46955,1387610252,0,NULL,NULL
13573,46168,1387610252,-1,NULL,NULL
13573,57605,1387610252,1,NULL,NULL
13573,58375,1387610252,0,NULL,NULL
13573,59707,1387610252,0,0.0,0.0
13573,45392,1387610252,0,NULL,NULL
13573,39417,1387610252,0,NULL,NULL
13573,37723,1387610252,0,NULL,NULL
13573,60589,1387610252,0,0.0,0.0
13583,45243,1387571790,0,1.0,1.0
13594,57890,1387421772,-1,NULL,NULL
13594,59735,1387421772,-1,0.0,0.0
13594,46918,1387421772,0,NULL,NULL
13594,44752,1387421772,0,NULL,NULL
13594,61072,1387421772,0,NULL,NULL
13594,60014,1387421772,0,0.0,0.0
13594,45524,1387421772,0,NULL,NULL
13594,61150,1387421772,0,NULL,NULL
13594,60841,1387421772,0,NULL,NULL
13594,44230,1387421772,0,NULL,NULL
13613,43227,1387358387,1,0.0,0.0
13619,60976,1387318615,-1,0.0,0.0
13619,59550,1387318615,0,0.0,0.0
13619,47404,1387318615,0,NULL,NULL
13619,51839,1387318615,0,NULL,NULL
13619,37817,1387318615,0,NULL,NULL
13619,60560,1387318615,0,NULL,NULL
13619,44631,1387318615,0,NULL,NULL
13619,58034,1387318615,0,NULL,NULL
13619,44008,1387318615,0,NULL,NULL
13619,45821,1387318615,0,NULL,NULL
13625,41734,1387229571,1,NULL,NULL
13625,56278,1387229571,0,NULL,NULL
13625,41309,1387229571,1,0.0,0.0
13625,44892,1387229571,-1,NULL,NULL
13625,40313,1387229571,-1,0.0,0.0
13625,44778,1387229571,1,NULL,NULL
13625,43706,1387229571,0,NULL,NULL
13625,60572,1387229571,0,NULL,NULL
13625,39531,1387229571,-1,NULL,NULL
13625,46114,1387229571,1,NULL,NULL
13627,46962,1387285275,1,0.0,0.0
13627,58401,1387285275,1,0.0,NULL
13628,45307,1386936154,0,NULL,NULL
13628,47673,1387270172,0,0.0,0.0
13633,60131,1387231493,0,NULL,NULL
13633,46967,1387231493,0,NULL,NULL
13633,61069,1387231493,0,NULL,NULL
13633,61166,1387231493,0,0.0,0.0
13633,59979,1387231493,0,NULL,NULL
13633,59910,1387231493,0,0.0,0.0
13633,59861,1387231493,0,NULL,NULL
13633,58364,1387231493,0,NULL,NULL
13633,59637,1387231493,-1,0.0,0.0
13633,60649,1387231493,0,NULL,NULL
13656,40061,1386926144,1,NULL,NULL
13656,56259,1386926144,1,0.0,0.0
13656,56979,1386926144,0,NULL,NULL
13657,41150,1386910697,0,NULL,NULL
13657,47749,1386910697,0,NULL,NULL
13657,39269,1386910697,0,NULL,NULL
13657,59630,1386910697,0,0.0,0.0
13657,42985,1386910697,0,NULL,NULL
13657,60254,1386910697,0,0.0,0.0
13657,58292,1386910697,0,NULL,NULL
13657,47916,1386910697,0,NULL,NULL
13657,41153,1386910697,0,NULL,NULL
13657,61238,1386910697,0,0.0,0.0
13665,55828,1386883136,-1,NULL,NULL
13678,43048,1386764413,1,NULL,NULL
13678,43480,1386764413,-1,NULL,NULL
13678,39600,1386764413,0,0.0,0.0
13678,59702,1386764413,1,NULL,NULL
13680,57015,1386747476,1,NULL,NULL
13680,52261,1386747476,0,NULL,NULL
13680,60741,1386747476,1,0.0,0.0
13692,56675,1386674384,0,NULL,NULL
13694,43149,1386643104,1,NULL,NULL
13694,47196,1386643104,0,NULL,NULL
13701,56364,1386636658,1,NULL,NULL
13701,52098,1386636658,1,0.0,0.0
13701,55844,1386636658,1,NULL,NULL
13701,39760,1386636658,0,0.0,0.0
13701,52271,1386636658,1,NULL,NULL
13701,40210,1386636658,1,NULL,NULL
13701,52026,1386636658,1,NULL,NULL
13702,59811,1386632417,1,NULL,NULL
13702,43936,1386632417,1,NULL,NULL
13702,43793,1386632417,1,0.0,0.0
13711,56202,1373026705,1,NULL,NULL
13711,52493,1373026705,1,NULL,NULL
13711,45835,1373026705,0,NULL,NULL
13711,60471,1386571581,1,NULL,NULL
13712,40819,1386374757,0,NULL,NULL
13712,60128,1386374757,0,0.0,0.0
13712,57946,1386374757,0,NULL,NULL
13712,60881,1386374757,0,NULL,NULL
13712,45376,1386374757,0,NULL,NULL
13712,39072,1386374757,0,NULL,NULL
13712,60904,1386374757,0,NULL,NULL
13712,40088,1386374757,0,NULL,NULL
13712,46907,1386374757,0,NULL,NULL
13712,61236,1386374757,0,0.0,0.0
13717,56494,1386357506,1,NULL,NULL
13717,56886,1386357506,1,0.0,0.0
13717,58325,1386357506,1,NULL,NULL
13721,60648,1386286621,-1,NULL,NULL
13721,41424,1386286621,1,NULL,NULL
13723,55817,1386237928,1,NULL,NULL
13723,60360,1386237928,1,NULL,NULL
13723,39157,1386237928,0,0.0,0.0
13723,37745,1386237928,0,NULL,NULL
13723,57656,1386237928,1,NULL,NULL
13723,47175,1386237928,1,NULL,NULL
13728,56582,1386186927,0,NULL,NULL
13733,58011,1386168557,1,NULL,NULL
13737,45828,1386111339,-1,0.0,0.0
13742,46208,1385962541,0,0.0,0.0
13742,41837,1385962541,1,NULL,NULL
13743,61104,1385727813,1,0.0,0.0
13743,56099,1385727813,1,NULL,NULL
13743,44972,1385727813,0,NULL,NULL
13743,60736,1385727813,1,0.0,0.0
13743,56583,1385727813,1,NULL,NULL
13743,60014,1385727813,0,0.0,0.0
13743,42823,1385727813,0,0.0,0.0
13743,39505,1385727813,0,0.0,0.0
13743,60917,1385727813,0,NULL,NULL
13743,56703,1385727813,-1,NULL,NULL
13752,56577,1385505459,0,NULL,NULL
13753,60714,1385488337,1,NULL,NULL
13753,46082,1385488337,0,0.0,0.0
13753,43671,1385488337,0,NULL,NULL
13753,60312,1385488337,0,NULL,NULL
13753,38912,1385488337,0,NULL,NULL
13753,60716,1385488337,0,NULL,NULL
13753,44303,1385488337,1,0.0,0.0
13754,40145,1371018105,1,NULL,NULL
13754,44247,1371018105,0,NULL,NULL
13754,45358,1385474483,0,NULL,NULL
13754,57100,1385474483,0,NULL,NULL
13754,39759,1385474483,1,NULL,NULL
13756,60834,1385473403,0,0.0,0.0
13771,37762,1385374953,1,NULL,NULL
13771,45937,1385374953,0,NULL,NULL
13776,58325,1385078640,0,NULL,NULL
13776,57213,1385078640,-1,NULL,NULL
13776,61086,1385078640,0,NULL,NULL
13776,60197,1385078640,0,0.0,0.0
13776,45704,1385078640,0,NULL,NULL
13776,52024,1385078640,0,NULL,NULL
13776,59912,1385078640,0,0.0,0.0
13776,59824,1385078640,0,NULL,NULL
13776,59811,1385078640,-1,NULL,NULL
13776,46651,1385078640,0,NULL,NULL
13804,43943,1384472653,0,NULL,NULL
13804,39468,1384491026,0,0.0,0.0
13809,56013,1384347115,1,NULL,NULL
13816,40041,1384069537,1,NULL,NULL
13816,60294,1384069537,1,0.0,0.0
13827,47394,1383889157,-1,NULL,NULL
13827,44633,1383889239,0,NULL,NULL
13847,45812,1383612311,1,NULL,NULL
13850,55997,1383354420,1,NULL,NULL
13850,46090,1383354420,0,0.0,0.0
13850,60444,1383354420,1,NULL,NULL
13850,38875,1383354420,1,NULL,NULL
13850,39567,1383354420,1,NULL,NULL
13850,43703,1383354420,1,NULL,NULL
13850,41723,1383354420,0,NULL,NULL
13850,56389,1383354420,1,NULL,NULL
13850,59650,1383597125,0,NULL,NULL
13850,60963,1383354420,1,NULL,NULL
13852,39479,1383556946,1,0.0,0.0
13852,44272,1383556946,1,NULL,NULL
13852,45738,1383556946,1,NULL,NULL
13853,61338,1383371291,0,NULL,NULL
13862,56065,1383186622,0,NULL,NULL
13862,46003,1383186622,0,NULL,NULL
13862,56023,1383186622,0,NULL,NULL
13862,56940,1383186622,0,NULL,NULL
13862,37814,1383186622,1,NULL,NULL
13862,60933,1383186622,1,NULL,NULL
13862,37880,1383186622,0,0.0,0.0
13862,56180,1383186622,1,NULL,NULL
13862,44298,1383186622,0,0.0,0.0
13862,43427,1383186622,1,NULL,NULL
13864,56153,1383147424,-1,NULL,NULL
13865,39436,1383146034,0,NULL,NULL
13868,55787,1383082479,-1,NULL,NULL
13868,46965,1383082479,-1,NULL,NULL
13868,41317,1383082479,1,NULL,NULL
13870,46301,1383069533,-1,0.0,0.0
13881,39413,1382661281,0,0.0,0.0
13881,47525,1382661281,0,NULL,NULL
13881,43765,1382661783,0,NULL,NULL
13881,42261,1382661281,1,NULL,NULL
13881,56899,1382661281,0,NULL,NULL
13881,58306,1382661281,1,NULL,NULL
13881,47878,1382661281,1,NULL,NULL
13881,57205,1382661281,1,NULL,NULL
13881,56243,1382661281,-1,NULL,NULL
13881,56379,1382661281,-1,NULL,NULL
13885,56637,1382608320,-1,NULL,NULL
13885,57117,1382608320,-1,NULL,NULL
13885,60885,1382608320,0,NULL,NULL
13894,57982,1382418780,0,0.0,0.0
13894,55905,1382418780,0,NULL,NULL
13898,59948,1382142314,1,0.0,0.0
13906,40265,1382065248,0,NULL,NULL
13916,47871,1381965250,0,NULL,NULL
13918,41072,1381931922,1,NULL,NULL
13918,56582,1381931922,0,NULL,NULL
13918,55862,1381931922,0,NULL,NULL
13918,39769,1381931922,0,0.0,0.0
13918,39464,1381931922,0,NULL,NULL
13918,59693,1381931922,-1,0.0,0.0
13921,44305,1381870573,0,0.0,0.0
13922,61124,1381813976,0,NULL,NULL
13922,38837,1381813976,0,NULL,NULL
13923,43117,1381797185,1,NULL,NULL
13928,47506,1381387840,0,NULL,NULL
13928,47459,1381387840,0,NULL,NULL
13928,46763,1381387840,0,NULL,NULL
13928,55854,1381387840,0,NULL,NULL
13928,46945,1381387840,0,NULL,NULL
13928,44436,1381387840,0,NULL,NULL
13928,56263,1381387840,0,NULL,NULL
13928,39151,1381387840,0,NULL,NULL
13928,37806,1381387840,0,NULL,NULL
13928,61039,1381387840,0,0.0,0.0
13936,45836,1380928588,0,NULL,NULL
13936,60456,1380928588,1,NULL,NULL
13936,56575,1380935947,1,NULL,NULL
13936,56240,1380935947,0,NULL,NULL
13936,41500,1380935947,1,NULL,NULL
13936,56348,1380935947,1,NULL,NULL
13936,39619,1380935947,1,0.0,0.0
13938,58212,1380877576,1,NULL,NULL
13940,56649,1380838255,0,NULL,NULL
13940,58056,1380838255,-1,0.0,0.0
13940,56293,1380848442,0,NULL,NULL
13940,39617,1380848442,0,NULL,NULL
13940,56367,1380848442,0,NULL,NULL
13940,41622,1380848442,0,0.0,0.0
13940,39860,1380848442,0,NULL,NULL
13940,46086,1380848442,0,NULL,NULL
13940,56612,1380848442,0,NULL,NULL
13940,57104,1380848442,0,NULL,NULL
13944,59664,1380737384,1,0.0,0.0
13949,57998,1380322676,1,NULL,NULL
13949,39462,1380322676,0,0.0,0.0
13949,40169,1380322676,-1,NULL,NULL
13949,44972,1380322676,0,NULL,NULL
13949,52112,1380322676,0,NULL,NULL
13955,45359,1380151990,-1,NULL,NULL
13955,52562,1380151990,1,NULL,NULL
13966,46751,1380150105,-1,NULL,NULL
13966,39270,1380150105,1,NULL,NULL
13966,40062,1380150105,1,NULL,NULL
13966,41634,1380150105,1,0.0,0.0
13977,61008,1379540622,-1,0.0,0.0
13977,55750,1379636422,-1,NULL,NULL
13979,56188,1379623018,0,NULL,NULL
13979,45639,1379623018,0,NULL,NULL
13979,43859,1379623018,0,NULL,NULL
13979,40278,1379623018,0,NULL,NULL
13979,56086,1379623018,0,NULL,NULL
13980,47868,1379611257,-1,NULL,NULL
13980,60968,1379611257,-1,0.0,0.0
13980,43959,1379611257,0,NULL,NULL
13980,43938,1379611257,1,NULL,NULL
13980,46758,1379611257,0,NULL,NULL
13981,56462,1379580884,-1,NULL,NULL
13981,39377,1379580884,-1,NULL,NULL
13982,56599,1379548327,1,NULL,NULL
13987,40098,1379463069,1,0.0,0.0
13988,56275,1379458889,0,NULL,NULL
13989,39220,1378920357,0,NULL,NULL
13989,46074,1379456420,1,NULL,NULL
13991,60109,1379436815,0,NULL,NULL
14006,47692,1378068803,0,0.0,0.0
14006,55749,1378757999,0,NULL,NULL
14006,39133,1378068803,-1,NULL,NULL
14006,57646,1378068803,0,NULL,NULL
14006,39962,1378757999,0,NULL,NULL
14006,39296,1378068803,-1,NULL,NULL
14006,46007,1378068803,0,0.0,0.0
14006,61104,1378068803,-1,0.0,0.0
14006,56642,1378757999,0,NULL,NULL
14006,56488,1378757999,-1,NULL,NULL
14011,40105,1377715926,1,NULL,NULL
14011,43535,1377715926,-1,NULL,NULL
14011,40967,1378416971,1,NULL,NULL
14013,44538,1378372572,0,NULL,NULL
14017,42734,1378331386,1,NULL,NULL
14017,45744,1378331386,1,NULL,NULL
14017,41309,1378331386,1,NULL,NULL
14017,56459,1378331386,0,NULL,NULL
14017,40171,1378331386,1,NULL,NULL
14024,45379,1378331386,-1,NULL,NULL
14025,61052,1378331386,0,NULL,NULL
14028,47749,1378331385,1,NULL,NULL
14031,39831,1378331385,-1,NULL,NULL
14031,56150,1378331385,0,NULL,NULL
14031,57888,1378331385,-1,NULL,NULL
14031,37916,1378331385,0,NULL,NULL
14031,45218,1378331385,1,NULL,NULL
14031,41816,1378331385,-1,NULL,NULL
14035,42789,1378331385,1,NULL,NULL
14035,56413,1378331385,1,NULL,NULL
14035,41538,1378331385,1,NULL,NULL
14035,56404,1378331385,0,NULL,NULL
14035,57226,1378331385,-1,NULL,NULL
14035,45403,1378331385,-1,NULL,NULL
14035,61061,1378331385,-1,0.0,0.0
14035,39716,1378331385,1,NULL,NULL
14035,57413,1378331385,1,0.0,0.0
14035,57245,1378331385,0,NULL,NULL
14040,46091,1376432205,0,0.0,0.0
14040,43783,1376432205,0,NULL,NULL
14040,41144,1376432205,1,NULL,NULL
14040,56681,1378263785,1,NULL,NULL
14052,44548,1378198098,0,0.0,0.0
14052,56382,1378198098,0,NULL,NULL
14070,37752,1377638039,0,NULL,NULL
14071,61245,1377637167,0,NULL,NULL
14073,44478,1377631178,1,0.0,0.0
14078,39524,1377601867,0,NULL,NULL
14087,38890,1377514134,1,NULL,NULL
14089,57351,1377296817,0,NULL,NULL
14102,60744,1377177825,1,0.0,0.0
14102,58218,1377177825,1,NULL,NULL
14103,57444,1377124986,0,NULL,NULL
14106,46273,1373524389,0,0.0,0.0
14106,46028,1377078945,1,NULL,NULL
14112,57996,1375310988,-1,NULL,NULL
14112,41685,1377033229,1,NULL,NULL
14112,60655,1377033229,1,NULL,NULL
14112,44250,1377033229,-1,NULL,NULL
14112,40774,1377033229,0,NULL,NULL
14112,56473,1377039586,0,NULL,NULL
14112,45823,1377039586,1,NULL,NULL
14112,61150,1377039586,1,NULL,NULL
14118,56182,1376985589,0,NULL,NULL
14125,60211,1376529368,0,0.0,0.0
14125,39550,1376951146,1,NULL,NULL
14130,38029,1376951096,1,0.0,0.0
14135,43152,1376910134,1,NULL,NULL
14155,60659,1376505874,0,0.0,0.0
14155,41294,1376505874,0,NULL,NULL
14155,56472,1376505874,0,NULL,NULL
14155,44965,1376505874,0,NULL,NULL
14155,37967,1376524747,-1,NULL,NULL
14157,39317,1371193104,1,0.0,0.0
14157,45917,1371193104,0,NULL,NULL
14157,52040,1372233332,0,0.0,0.0
14157,44030,1376518956,-1,NULL,NULL
14166,56065,1376471032,0,NULL,NULL
14171,57430,1376422764,0,NULL,NULL
14171,46958,1376422764,0,0.0,0.0
14171,43500,1376422764,0,NULL,NULL
14171,52458,1376423781,-1,NULL,NULL
14175,41697,1376403285,1,NULL,NULL
14175,39568,1376403285,1,NULL,NULL
14175,41519,1376403285,1,NULL,NULL
14175,45928,1376403285,1,NULL,NULL
14176,38653,1376400250,0,NULL,NULL
14180,60560,1376395246,-1,NULL,NULL
14180,47215,1376395246,-1,NULL,NULL
14188,58268,1376353209,1,0.0,0.0
14188,60872,1376353209,0,NULL,NULL
14188,56265,1376353209,1,NULL,NULL
14189,39186,1376353144,0,0.0,0.0
14189,41788,1376353157,0,NULL,NULL
14193,56656,1376331986,1,NULL,NULL
14195,45587,1376312272,0,NULL,NULL
14196,60124,1376311333,0,NULL,NULL
14196,38550,1376311333,1,NULL,NULL
14196,41538,1376311333,0,NULL,NULL
14196,60135,1376311333,0,NULL,NULL
14196,56996,1376311333,0,NULL,NULL
14198,40170,1376302748,0,0.0,0.0
14198,59699,1376302748,0,0.0,0.0
14198,57752,1376302748,-1,NULL,NULL
14198,41455,1376302748,0,NULL,NULL
14198,41150,1376302748,0,NULL,NULL
14198,40028,1376302748,0,NULL,NULL
14198,46173,1376302748,0,NULL,NULL
14198,56978,1376302748,0,NULL,NULL
14198,60996,1376302748,0,0.0,0.0
14198,61168,1376302748,0,NULL,NULL
14202,38876,1376273590,1,NULL,NULL
14208,57382,1376178195,1,NULL,NULL
14215,40094,1376094174,-1,NULL,NULL
14217,52318,1376075280,1,NULL,NULL
14219,61236,1376054309,0,0.0,0.0
14223,56538,1376040026,0,NULL,NULL
14231,47017,1375984152,0,NULL,NULL
14231,52308,1375984152,-1,NULL,NULL
14231,56868,1375984152,0,NULL,NULL
14231,60715,1375984152,-1,0.0,0.0
14232,41709,1375983075,0,NULL,NULL
14232,56094,1375983075,1,NULL,NULL
14232,40141,1375983075,-1,NULL,NULL
14237,43338,1375954988,1,NULL,NULL
14237,61240,1375954988,0,0.0,0.0
14246,56338,1375913134,1,NULL,NULL
14250,47694,1375877533,0,0.0,0.0
14256,39668,1375843126,0,0.0,0.0
14257,57016,1375862307,1,NULL,NULL
14260,47208,1375835874,0,NULL,NULL
14264,61093,1375837319,1,NULL,NULL
14271,44791,1375825596,1,NULL,NULL
14275,57354,1375789640,0,NULL,NULL
14275,60548,1375789640,-1,NULL,NULL
14277,56469,1375787497,1,NULL,NULL
14279,43978,1375785160,0,NULL,NULL
14280,42746,1375785071,0,NULL,NULL
14280,58407,1375785071,-1,NULL,NULL
14292,61151,1375724388,-1,NULL,NULL
14294,61011,1375719668,0,NULL,NULL
14296,60469,1375711585,0,NULL,NULL
14309,57401,1375442352,1,NULL,NULL
14309,56682,1375442352,1,NULL,NULL
14309,56150,1375442352,1,NULL,NULL
14321,39261,1375371292,0,NULL,NULL
14322,52041,1375358938,0,NULL,NULL
14324,56700,1375346913,1,NULL,NULL
14324,41357,1375346913,1,0.0,0.0
14324,46751,1375346913,0,NULL,NULL
14326,60822,1375339848,1,NULL,NULL
14326,39430,1375339848,0,NULL,NULL
14326,52067,1375339848,1,NULL,NULL
14328,56443,1375325256,1,NULL,NULL
14328,56562,1375325256,1,NULL,NULL
14328,56524,1375325256,1,NULL,NULL
14328,56145,1375325256,-1,NULL,NULL
14328,44273,1375325256,0,NULL,NULL
14328,55793,1375325256,1,NULL,NULL
14328,39970,1375325256,0,NULL,NULL
14328,45546,1375325256,-1,0.0,0.0
14328,41381,1375325256,0,NULL,NULL
14328,44511,1375325256,1,NULL,NULL
14334,52014,1375304660,0,NULL,NULL
14338,55780,1375276052,0,NULL,NULL
14338,56684,1375276052,-1,NULL,NULL
14348,56266,1375230912,1,NULL,NULL
14348,46015,1375230912,1,0.0,0.0
14348,56186,1375230912,1,NULL,NULL
14352,56367,1374885905,0,NULL,NULL
14352,56558,1375221062,0,NULL,NULL
14365,39438,1375183575,1,NULL,NULL
14366,59689,1375183256,0,0.0,0.0
14366,60524,1375183256,0,0.0,0.0
14371,61155,1375149616,1,NULL,NULL
14371,39285,1375149616,1,NULL,NULL
14387,57661,1375103180,1,NULL,NULL
14392,58018,1375091707,1,0.0,0.0
14392,56176,1375091707,-1,NULL,NULL
14392,56934,1375091707,0,NULL,NULL
14392,59739,1375091707,-1,0.0,0.0
14392,40193,1375091707,0,NULL,NULL
14392,46750,1375091707,1,NULL,NULL
14392,56454,1375091707,-1,NULL,NULL
14392,52345,1375091707,1,0.0,0.0
14395,44552,1375066251,1,NULL,NULL
14397,59542,1375076640,1,0.0,0.0
14397,59778,1375076640,0,NULL,NULL
14397,46901,1375076640,1,NULL,NULL
14398,55999,1375047263,0,NULL,NULL
14416,40773,1374816689,0,NULL,NULL
14423,39989,1374793059,1,NULL,NULL
14427,56848,1374760059,0,NULL,NULL
14427,46948,1374760059,0,NULL,NULL
14427,56686,1374760059,0,NULL,NULL
14427,44319,1374760059,0,NULL,NULL
14427,39183,1374760059,-1,NULL,NULL
14427,44046,1374760059,0,NULL,NULL
14427,58170,1374760059,1,NULL,NULL
14427,47680,1374760059,0,NULL,NULL
14427,44071,1374760059,0,NULL,NULL
14427,44239,1374760059,0,NULL,NULL
14429,46985,1374752420,0,0.0,0.0
14429,45745,1374752420,1,NULL,NULL
14429,56398,1374752420,1,NULL,NULL
14429,43572,1374752420,0,NULL,NULL
14431,45865,1374744522,1,NULL,NULL
14432,43149,1374743759,0,NULL,NULL
14437,51854,1374701947,0,NULL,NULL
14437,41863,1374701947,0,NULL,NULL
14437,39371,1374701947,0,NULL,NULL
14437,56271,1374716188,0,NULL,NULL
14440,47213,1374699631,0,NULL,NULL
14440,41364,1374699631,-1,NULL,NULL
14440,60178,1374699631,1,0.0,0.0
14440,56645,1374699631,-1,NULL,NULL
14440,42644,1374699631,-1,NULL,NULL
14440,45286,1374699631,-1,0.0,0.0
14452,45538,1374618083,1,0.0,0.0
14461,46074,1374593859,-1,NULL,NULL
14467,40050,1374556791,1,NULL,NULL
14489,60143,1374239736,1,NULL,NULL
14491,39271,1374230076,1,NULL,NULL
14492,60373,1374230050,1,NULL,NULL
14492,45243,1374230050,0,NULL,NULL
