11228,46247,1439581129,0
11228,52252,1439550911,-1
11228,47677,1439550468,-1
11228,43312,1438264990,0
11228,41711,1438627742,1
11228,47198,1439550911,-1
11228,40306,1438595675,-1
11228,47412,1438264312,-1
11228,41708,1438633521,-1
11230,43977,1449429424,0
11230,41851,1449429424,0
11230,44072,1449429424,0
11230,44222,1449429424,0
11230,46146,1449429424,0
11230,46212,1449429424,0
11230,43980,1449429424,0
11230,44070,1449429424,0
11230,41852,1449429424,0
11230,43979,1449429424,0
11231,45541,1449249495,0
11231,44323,1449253144,0
11231,43972,1449253144,0
11231,45976,1449249495,0
11231,46198,1449249495,0
11231,52014,1449253144,0
11231,51616,1449249495,0
11231,45940,1449253144,0
11231,39517,1449249495,0
11231,41865,1449249495,0
11232,45387,1449213671,-1
11232,41656,1449213671,0
11232,46081,1449213671,0
11232,45154,1449213671,0
11232,45536,1449213671,0
11232,43783,1449213671,0
11232,46085,1449213671,0
11232,46089,1449213671,0
11232,51627,1449213671,1
11232,45543,1449213671,0
11234,41418,1449427456,0
11234,41329,1449427456,0
11234,41645,1449427456,0
11234,42644,1449427456,0
11234,37743,1449427456,0
11234,45865,1449427456,0
11234,44321,1449427456,0
11234,41585,1449427456,0
11234,45632,1449150885,0
11234,42634,1449427456,0
11236,45205,1449337673,0
11236,52012,1449337673,0
11236,52012,1446458199,0
11236,45205,1446458199,0
11236,52011,1449337673,0
11236,52009,1446458199,0
11236,46114,1446458199,1
11236,52011,1446458199,0
11236,52008,1449337673,0
11236,52027,1449337673,-1
11237,41366,1449253757,0
11237,46191,1449253757,0
11237,46087,1449253757,0
11237,43554,1449218336,0
11237,43820,1449253757,0
11237,46289,1449253757,0
11237,41638,1449218336,0
11237,46196,1449218336,0
11237,41258,1449218336,0
11237,45997,1449253757,0
11241,43981,1449190140,1
11241,44223,1449190140,1
11241,44223,1449238036,1
11241,43981,1449238036,1
11241,46058,1449238036,0
11242,45549,1449223523,0
11242,45638,1449223523,0
11242,41443,1449223523,0
11242,45156,1449223523,0
11242,41503,1449223523,0
11242,45976,1449223523,0
11242,46142,1449223523,0
11242,46984,1449223523,0
11242,46073,1449223523,0
11242,41656,1449223523,0
11247,43834,1448761496,0
11247,45955,1448761496,0
11247,52024,1448761496,0
11247,41372,1448653382,0
11247,46198,1448653382,0
11247,43844,1448653382,0
11247,46237,1448653382,0
11247,41368,1448761496,0
11247,41780,1448761496,0
11247,47459,1448761496,0
11249,41865,1449168836,0
11249,41345,1449089591,0
11249,44313,1449089591,0
11249,46001,1449168836,0
11249,41580,1449168836,0
11249,41600,1449089591,0
11249,43833,1449168836,-1
11249,52026,1449089591,-1
11249,41496,1449089591,0
11249,41409,1449168836,0
11252,46055,1447756546,0
11252,46055,1449133132,0
11252,46054,1449133132,0
11252,46211,1447756546,0
11252,46211,1449133132,0
11252,46207,1449133132,1
11252,46054,1447756546,0
11252,46207,1447756546,1
11252,46954,1447756546,1
11252,46954,1449133132,1
11254,43844,1449132211,0
11254,41440,1449132211,0
11254,45549,1449132211,0
11254,45632,1449132211,0
11254,46204,1449132211,0
11254,39779,1449132211,0
11254,41250,1449132211,0
11254,41851,1449132211,0
11254,47858,1449132211,0
11254,41415,1449132211,0
11257,42613,1448876431,0
11257,41466,1448443722,0
11257,42636,1448443722,0
11257,45955,1448919052,0
11257,44321,1448443722,0
11257,41463,1448919052,0
11257,41747,1448919052,0
11257,44299,1448443722,0
11257,44974,1448443722,0
11257,46986,1448919052,0
11261,47900,1442388154,-1
11261,39134,1442388154,0
11261,37863,1442388154,0
11261,40770,1442388154,0
11261,47899,1442388154,0
11261,46960,1442388154,-1
11261,46154,1442388154,0
11261,45964,1442388154,0
11261,41132,1442388154,-1
11261,39182,1442388154,0
11265,43539,1448786496,0
11265,51832,1448786496,0
11265,42632,1448786496,0
11265,41351,1448786496,-1
11265,42784,1448786496,0
11265,43809,1448786496,0
11265,44294,1448786496,0
11265,41594,1448786496,0
11265,41399,1448786496,0
11265,41774,1448786496,0
11268,45930,1448718691,0
11268,43951,1448718691,1
11268,46116,1448718691,0
11268,45649,1448718691,0
11268,45842,1448718691,0
11268,45543,1448718691,0
11268,46097,1448718691,0
11268,40310,1448718691,0
11268,43831,1448718691,0
11268,51833,1448718691,0
11275,43972,1448275724,0
11275,44219,1448275724,0
11275,44219,1448649875,0
11275,43972,1448649875,0
11276,37798,1448608910,-1
11276,46111,1448608910,0
11276,40272,1448608910,0
11276,51627,1448608910,1
11276,39546,1448608910,0
11276,40819,1448608910,1
11276,40320,1448608910,-1
11276,45930,1448608910,0
11276,41480,1448608910,0
11276,44001,1448608910,0
11282,51617,1448017853,0
11282,41732,1448017853,-1
11282,43124,1448017853,0
11282,41678,1448017853,0
11282,39816,1448017853,0
11282,40306,1448017853,0
11282,45949,1448017853,0
11282,39793,1448017853,0
11282,45946,1448017853,1
11282,46114,1448017853,1
11284,44067,1448274162,1
11284,37827,1448274162,1
11284,51627,1448274162,-1
11284,45389,1448274162,1
11284,45354,1448274162,1
11284,45372,1448274162,0
11284,45382,1448274162,0
11284,40770,1448274162,0
11284,47874,1448274162,1
11284,51624,1448274162,1
11285,45346,1448234714,-1
11285,41678,1448234714,0
11285,44067,1448234714,-1
11285,51620,1448234714,-1
11285,51621,1448234714,-1
11285,47513,1448234714,0
11285,45372,1448234714,0
11285,37913,1448234714,0
11285,39517,1448234714,0
11285,44876,1448234714,1
11287,39536,1447089524,0
11287,39517,1447089524,0
11287,39666,1447089524,0
11287,40293,1447089524,0
11287,39517,1448193451,0
11287,39536,1448193451,0
11287,39666,1448193451,0
11287,40293,1448193451,0
11288,37863,1447939040,0
11288,51637,1447939040,0
11288,46055,1447939040,0
11288,45388,1448193163,1
11288,45352,1447939040,-1
11288,45346,1447939040,-1
11288,45674,1448193163,0
11288,42784,1448193163,0
11288,45353,1447939040,-1
11288,45388,1447939040,-1
11289,44067,1448054837,1
11289,45672,1447943350,1
11289,41432,1447943350,1
11289,47680,1447943350,0
11289,45385,1447943350,0
11289,47508,1447943350,1
11289,44565,1448054837,0
11289,46243,1447943350,0
11289,46211,1448054837,0
11289,45674,1447943350,0
11290,46055,1448049238,0
11290,37796,1448049238,1
11290,37913,1448049238,0
11290,51625,1448049238,0
11290,52026,1448049238,1
11290,45382,1448049238,0
11290,45387,1448049238,1
11290,46135,1448049238,1
11290,51621,1448049238,1
11290,44469,1448049238,1
11294,37796,1447848765,-1
11294,37913,1447848765,0
11294,41678,1447952322,0
11294,45514,1447848765,-1
11294,43972,1447952322,0
11294,46013,1447772302,0
11294,40308,1447772302,0
11294,41147,1447772302,-1
11294,45389,1447952322,1
11294,47664,1447848765,-1
11295,52026,1447951950,-1
11295,45354,1447951950,-1
11295,37913,1447951950,0
11295,45352,1447951950,-1
11295,45347,1447951950,-1
11295,46055,1447951950,0
11295,42960,1447951950,0
11295,45382,1447951950,0
11295,41678,1447860350,0
11295,37827,1447951950,-1
11299,47664,1447702170,1
11299,47680,1447702170,0
11299,52025,1447848685,1
11299,52025,1447702170,0
11299,44469,1447848685,1
11299,52026,1447702170,1
11299,47647,1447702171,0
11299,39331,1447702170,0
11299,47695,1447848685,1
11299,47695,1447702171,0
11301,39331,1447315557,0
11301,45988,1447315557,0
11301,47644,1447315557,0
11301,46211,1447842056,0
11301,41678,1447842136,0
11306,44070,1447681274,0
11306,43975,1447681274,0
11306,37742,1447681276,0
11306,45947,1447681276,0
11306,44222,1447681274,0
11306,41732,1447078433,1
11306,44072,1447681274,0
11306,41852,1447681276,0
11306,43979,1447681274,0
11306,41732,1447087180,1
11308,45988,1447153681,0
11308,39331,1447153681,0
11308,47644,1447153681,0
11308,47644,1447163822,0
11308,39331,1447163822,0
11310,41732,1447152919,-1
11310,39331,1447158655,0
11310,45988,1447158655,0
11310,47644,1447158655,0
11319,41132,1446657707,-1
11319,39182,1446657707,0
11319,38064,1446657707,-1
11319,45943,1446657707,0
11319,44469,1446657707,1
11319,46966,1446657707,-1
11319,45202,1446657707,0
11319,46126,1446657707,-1
11319,46942,1446657707,0
11319,40320,1446657707,-1
11322,46072,1446178499,-1
11322,47847,1446613262,0
11322,45973,1446634088,0
11322,37820,1446178499,1
11322,43423,1446613262,0
11322,43124,1446178499,0
11322,39668,1446613262,-1
11322,51617,1446613262,0
11322,40822,1446613262,-1
11322,44060,1446613262,0
11325,40822,1446582652,1
11325,46751,1446538643,1
11325,44219,1446582652,0
11325,40306,1446538643,0
11325,44550,1446538643,1
11325,44060,1446538643,0
11325,46114,1446538643,-1
11325,44219,1446538643,0
11325,51617,1446582652,0
11325,40822,1446538643,1
11327,47490,1446545891,-1
11328,46114,1446453499,-1
11328,46114,1446492776,-1
11330,43126,1446013285,1
11330,46126,1446013285,1
11330,46751,1446470301,1
11330,40308,1446013285,0
11330,43972,1446013285,-1
11330,41496,1446013285,0
11330,46153,1446013285,0
11330,44219,1446013285,0
11330,40272,1446013285,0
11330,37742,1446013285,0
11333,41285,1446462274,0
11335,45205,1446461772,0
11335,52011,1446461772,0
11335,52012,1446461772,0
11335,52008,1446461772,0
11335,52009,1446461772,0
11338,46120,1446277635,-1
11338,46198,1446277635,0
11338,43423,1446277635,0
11338,41480,1446277635,0
11338,39668,1446277635,-1
11340,40282,1446182685,0
11340,41480,1446182685,0
11340,46120,1446182685,1
11340,46013,1446182685,0
11340,45973,1446182685,0
11340,46120,1446220954,1
11340,41480,1446220954,0
11340,46072,1446182685,1
11340,37820,1446182685,-1
11340,46974,1446182685,0
11341,39668,1446205243,1
11341,37746,1446205243,0
11341,40821,1446203770,-1
11341,47847,1446205243,0
11341,37820,1446203770,1
11341,46198,1446205243,0
11341,46146,1446203770,0
11341,46198,1446203770,0
11341,46072,1446203770,-1
11341,44001,1446205243,0
11345,46072,1445498876,1
11345,46974,1445498876,0
11345,46974,1446145831,0
11345,46072,1446145831,1
11348,41496,1446099291,0
11348,40308,1446099291,0
11348,45756,1446099291,1
11348,37747,1446099291,1
11348,41147,1446099291,-1
11348,40310,1446099291,1
11348,43972,1446099291,-1
11348,46126,1446099291,1
11348,44219,1446099291,0
11348,46120,1446099291,1
11350,39546,1446096495,0
11350,43988,1446096495,0
11350,40318,1446096495,0
11350,46096,1446096495,-1
11350,42960,1446096495,0
11350,46120,1446096495,-1
11350,43007,1446096495,0
11350,46296,1446096495,-1
11350,46247,1446096495,0
11350,40310,1446096495,-1
11351,41145,1446090676,-1
11351,45756,1446090676,-1
11351,45930,1446090676,0
11353,46198,1446041159,0
11353,39668,1446041159,-1
11354,45930,1446032823,0
11354,45756,1446032823,-1
11354,41145,1446032823,-1
11356,41145,1445840999,1
11356,41145,1446029782,1
11357,46247,1445979855,0
11357,45756,1445979855,1
11357,45756,1446028745,1
11358,45930,1443584125,0
11358,37742,1446028172,0
11358,45930,1446028172,0
11358,46751,1446028172,-1
11360,52051,1446011376,-1
11360,41147,1446011376,1
11360,46247,1446011376,0
11360,43972,1446011376,1
11360,43988,1446011376,0
11360,40318,1446011376,0
11360,41496,1446011376,0
11360,45973,1446011376,0
11360,46120,1446011376,-1
11360,44219,1446011376,0
11361,46296,1446009996,1
11361,45973,1446009996,0
11361,45943,1446009996,0
11361,37747,1446009996,1
11361,39546,1446009996,0
11361,39830,1446009996,0
11361,45756,1446009996,-1
11361,43126,1446009996,1
11361,43141,1446009996,1
11365,46247,1445861427,0
11365,46247,1445883385,0
11367,46247,1445866169,0
11368,45930,1443606810,0
11368,47513,1443698801,0
11368,40318,1443698801,0
11368,40308,1443698801,0
11368,40310,1443698801,-1
11368,40320,1443698801,-1
11368,41145,1445849941,-1
11372,43972,1442150010,1
11372,44219,1445803377,0
11372,43972,1445803377,-1
11373,42960,1445688127,0
11374,51617,1445608743,0
11374,43972,1445670896,1
11374,44219,1445670896,0
11374,39614,1445670896,0
11374,40272,1445670896,0
11374,52051,1445670896,1
11376,52051,1445520950,1
11376,44550,1445624343,-1
11376,40272,1445624343,0
11376,39614,1445624343,0
11376,52051,1445624343,1
11376,51617,1445624343,0
11376,47864,1445624343,0
11379,43972,1445594023,-1
11384,46153,1445077239,0
11384,46126,1445077239,1
11387,40320,1444906967,-1
11387,40308,1444906967,0
11387,44070,1444906967,0
11387,41147,1444906967,1
11387,46153,1444906967,0
11387,41865,1444906967,-1
11387,43988,1444906967,0
11387,40318,1444906967,0
11387,40310,1444906967,-1
11387,47513,1444906967,0
11390,44070,1444568232,0
11390,43988,1444568232,0
11390,46153,1444568252,0
11390,46153,1444568253,0
11390,46153,1444768714,0
11397,43423,1444142472,0
11399,40318,1443608031,0
11399,47513,1443608031,0
11399,40320,1443794975,1
11399,47513,1443794975,0
11399,40308,1443794975,0
11399,40310,1443794975,1
11399,40320,1443608031,1
11399,40308,1443608031,0
11399,40318,1443794975,0
11399,40310,1443608031,1
11402,43141,1443441667,-1
11402,43126,1443441667,-1
11402,45973,1443441667,0
11409,41333,1443014140,-1
11409,41865,1443014140,-1
11409,46148,1443014140,-1
11409,41668,1443014140,-1
11409,47900,1443014140,0
11409,46916,1443014140,-1
11409,37748,1443014140,0
11409,41432,1443014140,-1
11409,45156,1443014140,-1
11409,45216,1443014140,-1
11410,46916,1443009604,1
11410,41865,1443009604,1
11410,41432,1443009604,1
11410,41333,1443009604,1
11410,41668,1443009604,1
11410,46055,1443009604,-1
11410,46111,1443009604,0
11411,46111,1443005377,0
11413,47900,1442987501,0
11413,37748,1442987501,0
11419,47691,1442404792,-1
11419,46289,1442404792,0
11419,41678,1442404792,0
11419,44070,1442404792,-1
11419,41678,1442477398,0
11419,47691,1442477398,1
11421,47691,1441966149,1
11421,46289,1441966149,0
11421,40312,1442224672,-1
11421,46154,1442224672,0
11421,46148,1442224672,0
11421,47513,1442224672,-1
11421,52041,1442224672,-1
11421,47691,1442224672,1
11421,47691,1442387992,1
11423,47901,1441965639,0
11423,41134,1441965639,0
11423,46289,1442308241,0
11423,37748,1441965639,-1
11423,47900,1441965639,-1
11423,47915,1441965639,0
11423,47899,1441965639,0
11423,46289,1441965639,0
11423,41132,1441965639,-1
11423,52458,1441965639,1
11424,44070,1442304604,1
11424,44070,1442307438,1
11424,41159,1442307438,0
11427,37747,1442229339,0
11427,37742,1442229339,-1
11427,45947,1442229339,0
11427,40770,1442229339,0
11427,45949,1442229339,1
11427,42784,1442229339,0
11427,46271,1442229339,0
11427,42960,1442229339,-1
11427,39182,1442229339,0
11427,46200,1442229339,-1
11431,39390,1441967855,0
11431,39134,1441967855,0
11431,45938,1442204266,0
11431,42784,1441967855,0
11431,42784,1442204266,0
11431,45938,1441967855,0
11431,42960,1441967855,1
11431,46237,1441967855,1
11431,46237,1442204266,1
11431,46967,1441967855,-1
11432,39725,1442010451,0
11432,45947,1442169944,0
11432,39725,1442169944,0
11432,39725,1442175840,0
11432,45947,1442175840,0
11438,46296,1441782735,0
11438,46148,1441782735,1
11438,43972,1441782735,0
11438,46054,1441782735,0
11438,46237,1441972339,-1
11438,45827,1441782735,-1
11438,46960,1441972339,1
11438,45840,1441782735,-1
11438,45938,1441972339,0
11438,46955,1441782735,-1
11440,46271,1441864890,-1
11440,46271,1441117120,1
11440,42869,1440744851,0
11440,37747,1440744851,-1
11440,44483,1440744851,0
11440,44219,1440744851,1
11440,42866,1440406910,0
11440,45744,1440744851,0
11440,47683,1440744851,-1
11440,43963,1440744851,-1
11445,45833,1441785558,1
11445,45829,1441785558,1
11445,46148,1441785558,-1
11445,46054,1441785558,0
11445,45827,1441621917,-1
11445,45828,1441785558,1
11445,45840,1441621917,-1
11445,45829,1441621917,-1
11445,46296,1441621917,0
11445,45827,1441785558,1
11446,46141,1441775383,0
11446,44559,1441771548,0
11446,44878,1441771548,0
11446,40306,1441771548,1
11446,45900,1441771548,1
11446,44553,1441771548,0
11446,46114,1441771548,0
11446,45389,1441771548,0
11446,46966,1441771548,-1
11446,47548,1441771548,0
11449,41285,1441712376,0
11451,44021,1441110709,0
11451,45716,1441206316,-1
11451,44021,1441206316,0
11451,46921,1441110709,-1
11451,46921,1441206316,-1
11451,46148,1441265936,-1
11451,46148,1441446078,-1
11451,44219,1441206316,-1
11451,46086,1441206316,1
11451,42866,1441206316,0
11454,47437,1441283750,-1
11454,44284,1441166563,0
11454,45833,1440676823,1
11454,45840,1441084470,1
11454,45756,1441166563,0
11454,45829,1441084470,1
11454,45829,1440676821,1
11454,45827,1441425617,1
11454,46086,1441166563,1
11454,46296,1441084470,0
11459,46086,1440764957,-1
11459,46921,1440764957,1
11459,47437,1440764957,-1
11459,46921,1441110548,1
11459,46086,1441110548,-1
11460,44021,1441108319,0
11460,44219,1441108319,1
11464,47437,1440757500,1
11464,47437,1440764756,1
11466,42870,1440747467,-1
11466,41153,1440747467,-1
11466,43037,1440747467,0
11466,44540,1440747467,1
11466,40194,1440747467,1
11466,45716,1440747467,-1
11466,45744,1440747467,0
11466,42957,1440747467,0
11466,39978,1440747467,0
11466,44048,1440747467,0
11474,43963,1440580516,-1
11474,41145,1440580516,0
11474,41153,1440580516,1
11474,41839,1440580516,0
11474,41839,1440584683,0
11476,47683,1440582264,1
11478,46089,1440160459,0
11478,47297,1440160459,0
11478,39462,1440160459,0
11478,41153,1440580639,-1
11478,41145,1440580639,0
11478,41839,1440580639,0
11478,43963,1440580639,1
11481,43963,1440000804,0
11481,43963,1440576261,1
11481,43972,1440576261,1
11481,43037,1440578920,0
11481,43972,1440578920,-1
11484,44219,1440570590,1
11484,44279,1440570590,1
11484,44240,1440570590,0
11484,44284,1440570590,0
11484,43037,1440570590,0
11484,44483,1440570590,0
11484,47863,1440570590,0
11484,52062,1440570590,0
11484,52061,1440570590,0
11487,39978,1440005096,0
11487,42872,1440405769,0
11487,42957,1440405769,0
11487,42957,1440048087,0
11487,42957,1440005096,0
11487,42872,1440048087,0
11487,40071,1440405769,0
11487,42872,1440005096,0
11487,39978,1440405769,0
11487,40071,1440005096,0
11490,44878,1439983773,0
11490,52339,1439983773,1
11490,52315,1439983773,0
11490,43051,1439983773,0
11490,44021,1439983773,0
11490,46211,1439983773,-1
11490,45899,1439983773,0
11490,52552,1439983773,0
11490,46146,1439983773,0
11490,52059,1439983773,-1
11492,45080,1439813530,0
11492,37747,1439961610,0
11492,46106,1439961610,0
11492,45251,1439961610,0
11492,46148,1439899488,0
11492,46066,1439813530,0
11492,46138,1439813530,0
11492,46156,1439813530,0
11492,46153,1439817846,-1
11492,46140,1439813530,0
11494,44559,1439844977,0
11494,44554,1439844977,0
11494,44557,1439844977,1
11494,44556,1439844977,1
11494,44553,1439844977,0
11494,44563,1439844977,0
11494,44555,1439844977,0
11494,44566,1439844977,1
11494,44558,1439844977,0
11498,45209,1439787028,0
11498,46145,1439787028,1
11498,45893,1439787028,0
11498,44296,1439787028,1
11498,45756,1439787028,0
11498,43951,1439787028,1
11498,43117,1439787028,1
11498,41713,1439787028,1
11498,47418,1439787028,0
11498,46007,1439787028,-1
11500,46153,1439806908,1
11501,47180,1439583088,0
11501,45209,1439583088,0
11501,44066,1439583088,0
11501,47411,1439583088,-1
11501,45950,1439583088,-1
11501,43308,1439583088,-1
11501,43969,1439583088,0
11501,43133,1439583088,0
11501,45906,1439583088,1
11501,45717,1439583088,-1
11507,44021,1439543601,0
11507,39789,1439545656,1
11507,45888,1439545656,1
11507,45899,1439545656,0
11507,46273,1439545656,1
11507,45906,1439543601,-1
11507,45756,1439543601,0
11507,41712,1439543601,1
11507,39738,1439545656,-1
11507,39615,1437652784,0
11509,45543,1438861595,-1
11509,37747,1438861595,1
11509,37743,1438861595,-1
11509,46301,1438861595,0
11509,37827,1438861595,1
11509,41132,1438861595,1
11509,52306,1438861595,-1
11509,47527,1438861595,0
11509,47555,1438861595,-1
11509,43308,1438861595,-1
11510,52252,1439535741,-1
11510,41802,1439535741,1
11510,43972,1439535741,0
11510,45906,1439535741,-1
11510,44219,1439535741,0
11510,39738,1439535741,1
11510,45950,1439535741,1
11510,45899,1439535741,0
11510,45892,1439535741,1
11510,44021,1439535741,0
11513,45950,1439533615,-1
11513,52252,1439533615,1
11514,44021,1439530056,0
11514,43972,1439530056,0
11515,43120,1439529580,-1
11515,45756,1439529580,0
11515,46007,1439529580,1
11515,46072,1439529580,0
11515,39738,1439529580,-1
11515,39789,1439529580,1
11515,41712,1439529580,-1
11517,39789,1439466458,1
11517,46007,1439466458,1
11519,45756,1439455032,0
11520,45756,1439451710,0
11521,46055,1439292245,-1
11521,45717,1439292245,0
11521,46086,1439292245,-1
11521,46921,1439292245,-1
11521,43002,1439292245,-1
11521,40033,1439292245,0
11521,44469,1439292245,-1
11521,42725,1439292245,-1
11521,46289,1439292245,-1
11521,46243,1439292245,0
11522,43133,1439276626,0
11522,45890,1439276626,0
11522,41289,1439276626,-1
11522,41379,1439276626,-1
11522,45950,1439276626,1
11522,46153,1439276626,0
11522,41256,1439276626,-1
11522,41704,1439276626,-1
11522,42955,1439276626,-1
11522,52543,1439276626,0
11527,45756,1439191467,-1
11527,46153,1439191467,0
11527,46247,1439191467,0
11527,46072,1439191467,1
11527,46055,1439191467,1
11527,45759,1439191467,0
11529,46072,1438958214,1
11533,45222,1438764286,1
11533,52266,1438764286,0
11533,47677,1438764286,1
11533,47600,1438764286,1
11533,47198,1438764286,1
11533,46109,1438764286,1
11533,46233,1438764286,1
11533,47227,1438764286,1
11533,45209,1438764286,0
11533,46207,1438764286,1
11536,41289,1438614605,1
11536,41695,1438614605,1
11536,52266,1438614605,0
11536,41134,1438614605,1
11536,41707,1438614605,-1
11536,41703,1438614605,1
11536,41712,1438614605,1
11536,52266,1438689029,0
11536,41704,1438614605,1
11536,41692,1438614605,1
11542,41705,1438581110,1
11542,47527,1438581110,0
11542,44464,1438581110,0
11542,41658,1438581110,-1
11542,47411,1438581110,1
11542,45973,1438581110,-1
11542,44313,1438581110,1
11542,47409,1438581110,1
11542,39603,1438581110,1
11542,45759,1438581110,1
11545,47546,1438432216,-1
11545,42758,1438432216,0
11545,47542,1438432216,-1
11545,47414,1438432216,-1
11545,41256,1438432216,-1
11545,45759,1438432216,-1
11545,47691,1438432216,-1
11545,46921,1438432216,1
11545,47547,1438432216,-1
11545,44313,1438432216,-1
11548,52268,1438157443,-1
11548,37747,1438157443,1
11548,39603,1438157443,-1
11548,46086,1438157443,-1
11548,43008,1438157443,0
11548,45973,1438157443,1
11548,52543,1438157443,0
11548,41658,1438157443,1
11548,41132,1438157443,1
11548,41718,1438157443,1
11551,39603,1437920868,1
11551,39603,1437920868,-1
11553,47508,1437920705,0
11553,47508,1437920706,0
11555,41696,1437395457,1
11555,42972,1437395457,0
11555,52338,1437395457,0
11555,44576,1437395457,0
11555,43140,1437395457,1
11555,45888,1437645119,0
11555,43969,1437645119,1
11555,44483,1437395457,0
11555,46087,1437395457,1
11555,44223,1437395457,0
11558,52543,1437631725,0
11558,52268,1437631725,0
11558,52268,1437631726,0
11558,52543,1437631726,0
11558,52543,1437631726,0
11558,52268,1437631726,0
11560,44567,1437124077,-1
11560,46066,1437124077,-1
11560,47683,1437124077,-1
11560,43790,1437124077,1
11560,44553,1437124077,-1
11560,44070,1437124077,-1
11560,43972,1437124077,0
11560,51990,1437124077,-1
11560,42758,1436447191,1
11560,44576,1437124077,0
11561,45915,1437572147,0
11561,44567,1437572147,1
11561,44223,1437572147,0
11561,44483,1437572147,0
11561,46126,1437572147,-1
11561,41333,1437572147,-1
11561,52543,1437572147,0
11561,43986,1437572147,0
11561,43133,1437572147,0
11561,45829,1437572147,0
11563,52543,1437552391,0
11563,41729,1437552391,1
11563,41715,1437552391,1
11563,41718,1437552391,1
11563,52268,1437552391,-1
11567,43981,1437129191,0
11567,43972,1437129191,0
11567,41686,1437129191,-1
11567,44576,1437129191,0
11567,44469,1437129191,0
11567,45672,1437129191,1
11567,39256,1437129191,0
11567,52266,1437129191,1
11567,44466,1437129191,0
11567,51990,1437129191,1
11569,51990,1437120424,0
11569,45672,1437120424,1
11569,45672,1437120424,0
11569,52266,1437120424,1
11569,51990,1437120424,1
11569,37827,1437120424,1
11571,39256,1437051507,0
11574,44469,1437036298,0
11574,44466,1437036298,0
11574,44483,1437036298,0
11574,47683,1437036298,1
11579,45899,1436849430,0
11579,45899,1435573911,1
11579,45893,1435573911,1
11579,41812,1435573911,1
11579,45892,1435573911,1
11579,41802,1435573911,0
11579,46054,1435573911,-1
11579,45888,1435573911,1
11579,45900,1435573911,1
11579,41805,1435573911,0
11581,52252,1436529307,0
11581,45890,1436529307,0
11581,45920,1436529307,0
11581,45888,1436529307,0
11581,45892,1436529307,0
11581,45950,1436529307,1
11581,45915,1436529307,0
11586,46211,1436156126,-1
11586,46204,1436156126,-1
11586,39256,1436156126,-1
11586,41732,1436156126,0
11586,40108,1436156126,-1
11586,44219,1436156126,-1
11586,46005,1436156126,-1
11586,43972,1436156126,-1
11586,44553,1436156126,0
11588,42945,1435903915,0
11588,46979,1435903915,0
11588,39818,1435925214,0
11588,40828,1435903915,0
11588,39524,1435925214,0
11588,39554,1435903915,0
11588,42725,1435903915,-1
11588,45024,1435925214,0
11588,43339,1435925214,-1
11588,40772,1435903915,0
11592,46005,1435917311,-1
11593,43972,1409926135,1
11593,43972,1435917078,-1
11593,44553,1435917078,0
11593,44219,1435917078,-1
11593,46211,1435917078,-1
11593,46204,1435917078,-1
11593,39256,1435917078,-1
11593,41732,1435917078,0
11593,40108,1435917078,-1
11597,43972,1435898208,-1
11597,44219,1435898208,-1
11597,39256,1435898208,-1
11597,40108,1435898208,-1
11597,41732,1435898208,0
11597,46211,1435898208,-1
11597,46204,1435898208,-1
11599,52145,1435755897,0
11599,52241,1435755897,1
11599,52241,1435755898,1
11599,52241,1435755896,1
11599,52150,1435755897,0
11599,52134,1435755897,0
11599,52242,1435755898,1
11599,52135,1435755897,-1
11599,52136,1435755898,0
11599,52135,1435755897,-1
11602,40282,1435755023,0
11603,42955,1435746806,1
11603,44469,1435746806,0
11604,45973,1435063988,0
11604,45973,1435170093,0
11604,39618,1435170093,0
11607,46051,1434686433,1
11610,46211,1434566877,-1
11610,46211,1434566877,-1
11610,46211,1434566877,1
11610,41810,1434566877,1
11613,44567,1434532611,1
11617,45813,1434011703,-1
11617,45815,1434022623,0
11617,45813,1434104588,-1
11617,45815,1434104588,0
11621,44464,1433882260,-1
11621,44454,1433882260,0
11621,44469,1433882260,0
11621,44473,1433882260,0
11621,47664,1433882260,1
11621,47669,1433882260,1
11623,43008,1433312102,1
11624,43962,1433244436,1
11631,39535,1432828085,0
11631,40320,1432828085,-1
11631,44071,1432828085,0
11631,43839,1432828085,0
11631,39603,1432828085,0
11631,46052,1432828085,0
11631,39925,1432828085,0
11631,40038,1432828085,0
11631,44558,1432828085,0
11631,45929,1432828085,0
11635,46055,1432731441,-1
11636,52340,1432318089,1
11636,52556,1432318089,1
11636,44010,1432318089,0
11636,52556,1432635000,0
11636,52556,1432311436,0
11636,46101,1432318089,-1
11636,46055,1432635000,1
11636,46055,1432318089,0
11636,52340,1432311436,-1
11636,44010,1432311436,0
11638,52556,1432702191,0
11638,52340,1432702191,-1
11638,46055,1432702191,1
11641,39485,1432559224,0
11641,39578,1432559224,0
11641,45921,1432559224,0
11641,42787,1432559224,1
11641,45974,1432559224,0
11641,44746,1432559224,0
11641,46083,1432559224,0
11641,52540,1432559224,1
11641,41497,1432559224,0
11641,52263,1432559224,-1
11646,44281,1432555874,1
11646,39213,1432555874,-1
11646,44561,1432555874,0
11646,42725,1432555874,-1
11646,41831,1432555874,0
11646,41357,1432555874,-1
11646,40774,1432555874,0
11646,41845,1432555874,1
11646,52340,1432555874,1
11646,52369,1432555874,-1
11647,39540,1432557194,0
11647,47871,1432557194,0
11647,47603,1432557194,0
11647,45244,1432557194,0
11647,46901,1432557194,1
11647,44566,1432557194,0
11647,39508,1432557194,0
11647,46232,1432557194,0
11647,39226,1432557194,-1
11647,44557,1432557194,-1
11664,42835,1432297360,0
11664,46929,1432297566,0
11664,45949,1432297360,1
11664,47602,1432297360,0
11664,39529,1432297566,0
11664,42968,1432297566,1
11664,52238,1432297360,-1
11664,46289,1432297566,1
11664,45974,1432297360,0
11664,41835,1432297360,-1
11668,44469,1432293054,0
11668,42967,1432293054,1
11668,39595,1432283103,1
11668,46133,1432283103,0
11668,45973,1432293054,1
11668,39825,1432293054,1
11668,46925,1432293054,0
11668,39547,1432293054,0
11668,45888,1432283103,0
11668,41658,1432283103,-1
11673,45893,1432289473,0
11673,52340,1432289473,-1
11673,46072,1432289473,1
11673,39153,1432289473,0
11673,47004,1432289473,0
11673,39540,1432289473,0
11673,39450,1432289473,0
11673,45920,1432289473,-1
11673,39449,1432289473,0
11673,47180,1432289473,0
11680,40210,1432271936,0
11680,44469,1432271936,0
11680,46134,1432271936,0
11680,39520,1432271169,0
11680,44559,1432271169,0
11680,43335,1432271936,-1
11680,47603,1432271169,0
11680,47601,1432271169,0
11680,41143,1432271936,1
11680,46194,1432271936,-1
11685,41605,1432051334,-1
11685,41496,1431604819,1
11685,45973,1431604819,1
11685,47019,1431518729,1
11685,46090,1431604819,0
11685,45888,1431604819,0
11685,41834,1431604819,0
11685,45081,1431518729,1
11685,45974,1431604819,0
11685,37863,1431604819,0
11686,57231,1432208215,0
11686,44011,1432208247,0
11686,44037,1432208247,0
11686,44052,1432208247,0
11686,57204,1432208215,0
11686,44036,1432208247,0
11686,57248,1432208215,0
11686,44044,1432208247,0
11686,44026,1432208247,0
11686,44035,1432208247,0
11689,41845,1432185993,-1
11689,39812,1432185059,-1
11689,43230,1432185059,1
11689,45974,1432185059,0
11689,46141,1432185059,0
11689,46245,1432185993,1
11689,44219,1432185059,-1
11689,41675,1432185059,-1
11689,45892,1432185059,0
11689,46988,1432185993,-1
11695,44219,1432180595,1
11695,38029,1432180595,0
11695,47180,1432180595,0
11695,44279,1432180595,0
11695,46243,1432180595,1
11695,46929,1432180595,0
11695,46138,1432180595,1
11695,46139,1432180595,0
11695,47473,1432180595,0
11695,44566,1432180595,0
11699,47598,1431500330,-1
11699,47598,1432135850,-1
11702,43981,1432121336,1
11702,43972,1432121336,0
11703,46936,1432101975,-1
11703,46948,1429873149,1
11703,45941,1430909732,0
11703,46988,1429873149,0
11703,44748,1429873149,-1
11703,47607,1429873149,1
11703,39958,1430909732,-1
11703,42945,1430909732,0
11703,44066,1429873149,1
11703,41357,1429873149,1
11706,45166,1431931695,0
11706,46153,1431931695,1
11706,40759,1431931695,0
11706,46771,1431931695,0
11706,57236,1431931695,-1
11706,43972,1431931695,-1
11706,40767,1431931695,0
11706,40769,1431931695,0
11706,57248,1431931695,0
11706,45080,1431931695,0
11710,39748,1431502396,0
11710,44067,1431502396,0
11710,44277,1431502396,0
11710,52238,1431502396,-1
11710,39349,1431502396,0
11710,43230,1431502396,1
11710,45081,1431502396,-1
11710,46296,1431502396,1
11710,46171,1431502396,-1
11710,46936,1431502396,-1
11721,41143,1431062319,1
11723,44219,1430982134,-1
11723,40774,1430982134,0
11723,40779,1430982134,1
11723,40086,1430982134,0
11723,43230,1430982134,-1
11723,40765,1430982134,0
11723,40767,1430982134,0
11723,40288,1430982134,0
11723,40769,1430982134,0
11723,45250,1430982134,-1
11732,46288,1430740273,1
11732,46134,1430740273,0
11732,39812,1430740273,1
11732,46276,1430740273,-1
11732,43972,1430838837,1
11732,45758,1430838837,1
11732,39302,1430838837,-1
11732,47870,1430740273,0
11732,46988,1430838837,-1
11732,46999,1430740273,0
11737,44071,1430658273,0
11737,46992,1430658273,0
11737,42968,1430658273,-1
11737,45988,1430658273,-1
11737,47870,1430658273,0
11737,40003,1430658273,0
11737,46288,1430658273,-1
11737,46901,1430658273,-1
11737,44557,1430658273,1
11737,47508,1430658273,-1
11739,44551,1430491728,0
11739,46276,1430491728,1
11739,39586,1429887610,-1
11739,52340,1429887610,1
11739,57114,1429887610,0
11739,46044,1430491728,-1
11739,42835,1430491728,0
11739,39788,1430491728,-1
11739,45947,1429887610,-1
11739,46119,1429887610,-1
11748,44553,1430385276,1
11748,41145,1430385276,-1
11748,37743,1430385276,1
11750,40003,1430385202,0
11750,40038,1430385202,0
11750,43951,1430385202,0
11754,46211,1430376864,-1
11754,39748,1430376864,0
11754,41624,1430376864,0
11754,45700,1430376864,-1
11754,46054,1430376864,-1
11754,46992,1430376864,0
11754,40210,1430376864,0
11754,41628,1430376864,0
11754,39788,1430376864,-1
11754,46925,1430376864,0
11758,37747,1430219989,1
11758,38029,1430219989,0
11758,45167,1430219764,0
11758,45929,1430219989,0
11758,45519,1430359987,0
11758,44294,1430359952,0
11758,39663,1430219989,1
11758,46090,1430359952,0
11758,39817,1430219764,0
11758,39812,1430219764,-1
11760,46153,1430290761,1
11760,46153,1430319040,1
11761,43432,1430286359,0
11761,43424,1430286359,-1
11761,43418,1430286359,0
11761,43424,1430319040,-1
11761,43418,1430319040,0
11761,43432,1430319040,0
11763,43009,1430194926,0
11763,43009,1430319040,-1
11764,46138,1430319040,-1
11764,46212,1430192722,1
11764,46952,1430319040,0
11764,45209,1430319040,0
11764,39812,1430319040,-1
11764,39586,1430192722,1
11764,47473,1430192722,0
11764,47609,1430192722,0
11764,44551,1430192722,0
11764,41658,1430319040,-1
11777,41137,1429795663,-1
11777,40213,1429795702,1
11777,44557,1429795663,1
11777,46296,1429795663,1
11777,52261,1429795702,1
11777,44558,1429795663,0
11777,46090,1429795663,0
11777,46132,1429795702,1
11777,46232,1429795702,0
11777,39557,1429795702,-1
11781,43836,1429284658,1
11781,47180,1429284658,0
11781,37746,1429284658,1
11781,39825,1429284658,1
11781,56815,1429284658,-1
11781,46194,1429284658,-1
11781,43852,1429284658,1
11781,46120,1429284658,0
11781,44555,1429284658,-1
11781,44070,1429284658,-1
11784,45974,1419398283,0
11784,45950,1419398283,1
11784,42787,1419398283,1
11784,44066,1419398283,0
11784,52238,1419398283,1
11784,43972,1419398283,1
11784,42934,1419398283,0
11784,44565,1419398283,1
11784,43852,1419398283,1
11784,38071,1419398283,0
11786,43009,1426141622,0
11786,43009,1429278122,0
11787,42770,1426141622,1
11787,44469,1426141622,1
11787,40195,1426141622,1
11787,47683,1426141622,1
11787,44469,1429278122,1
11787,42770,1429278122,1
11787,40195,1429278122,1
11787,47683,1429278122,1
11788,47657,1426141621,1
11788,44469,1426141621,1
11788,44469,1429277954,1
11788,47657,1429277954,1
11791,47612,1429276696,1
11791,39925,1429276696,0
11791,43972,1429276696,1
11791,42955,1429276696,1
11791,52243,1429276696,1
11791,43776,1429276696,0
11791,47017,1429276696,0
11791,42622,1429276696,0
11791,44284,1429276696,0
11791,41608,1429276696,0
11792,42945,1429099311,0
11792,39748,1429157563,0
11792,41026,1429157563,0
11792,40210,1429157563,0
11792,46243,1429099311,1
11792,46971,1429157563,0
11792,42934,1429157563,1
11792,44242,1429157563,0
11792,41458,1429157563,1
11792,42833,1429099311,0
11793,39556,1429111104,1
11793,41715,1429116588,-1
11793,46952,1429112582,0
11793,39578,1429116632,0
11793,43851,1429116588,0
11793,46137,1429116588,0
11793,41357,1429111104,-1
11793,39818,1429116632,0
11793,45389,1429116588,0
11793,41285,1429116588,1
11800,37793,1427703563,0
11800,47598,1428952898,1
11800,40320,1427703563,-1
11800,45950,1428952898,0
11800,39812,1428952898,-1
11800,46233,1427703563,1
11800,46090,1427703563,0
11800,41821,1428952898,0
11800,41285,1427695571,-1
11800,42770,1427695571,-1
11802,45216,1428920223,1
11802,39159,1428920223,0
11802,40763,1428920223,0
11802,41820,1428920223,0
11802,37796,1428920223,0
11802,40164,1428920223,-1
11802,43852,1428920223,1
11802,37746,1428920223,1
11802,40148,1428920223,0
11802,52355,1428920223,0
11805,44466,1419929388,1
11805,44466,1428920049,1
11806,44466,1418083481,0
11806,44466,1428920049,-1
11807,47695,1419406452,0
11807,47683,1419406452,0
11807,44466,1419406452,-1
11807,44466,1428920049,0
11807,47695,1428920049,0
11807,47683,1428920049,1
11809,41869,1428920049,0
11809,40297,1428920049,1
11809,39181,1428920049,0
11809,52271,1428920049,1
11809,45949,1428920049,1
11809,37748,1428920049,0
11809,45828,1428920049,0
11809,46926,1428920049,0
11809,42835,1428920049,0
11809,41821,1428920049,-1
11811,46137,1428563517,0
11811,39663,1428563463,-1
11811,46999,1428563463,0
11811,44483,1428563517,1
11811,46925,1428563463,0
11811,47009,1428563463,0
11811,44553,1428563463,1
11811,41529,1428563517,-1
11811,47473,1428563517,0
11811,46091,1428563517,0
11813,46134,1428484034,0
11813,46901,1428484034,1
11813,39825,1428484034,1
11813,47598,1428484034,-1
11813,39996,1428484034,-1
11813,40210,1428484034,0
11813,45929,1428483917,0
11813,47603,1428483917,0
11813,43940,1428484034,0
11813,47609,1428483917,0
11821,47693,1427692250,0
11821,46120,1427692250,0
11821,44560,1427692250,1
11821,40297,1427692250,1
11821,44466,1427692250,1
11821,37916,1427692250,1
11821,52345,1427692250,1
11821,46101,1427692250,0
11821,37742,1427692250,1
11821,41480,1427692250,1
11823,46247,1427450192,0
11826,45943,1427374259,-1
11826,46995,1427374459,0
11826,52355,1427374459,0
11826,41480,1427374459,1
11826,44567,1427374259,-1
11826,45943,1427374459,1
11826,46137,1427374459,0
11826,46943,1427374259,1
11826,52103,1427374459,0
11826,43854,1427374459,1
11827,40195,1427354271,1
11827,41480,1427354271,1
11827,39389,1427354271,1
11827,46132,1427354271,1
11827,45519,1427354271,0
11827,41357,1427354271,1
11827,46205,1427354271,1
11827,45833,1427354271,1
11827,39379,1427354271,1
11827,57110,1427354271,0
11833,45216,1426852552,-1
11833,46245,1426852552,-1
11833,41678,1426852552,0
11833,41615,1426059467,-1
11833,43854,1426059467,-1
11833,46999,1426852552,0
11833,39663,1426852634,1
11833,41628,1426852552,0
11833,46289,1426059467,-1
11833,41285,1426852634,1
11836,47614,1426582387,0
11836,47603,1426582308,0
11836,46207,1426582308,-1
11836,46044,1426668969,-1
11836,46952,1426582387,0
11836,37749,1426582387,-1
11836,45893,1426582308,0
11836,46948,1426669823,1
11836,47605,1426582308,0
11836,39595,1426582308,1
11841,40787,1426502098,-1
11841,41496,1426502098,1
11841,43940,1426502098,0
11841,45857,1426502098,0
11841,46211,1426502098,1
11841,52243,1426502098,-1
11841,44551,1426502098,0
11841,45930,1426502098,1
11841,46091,1426502098,0
11841,45941,1426502098,0
11845,45756,1426489483,-1
11845,45744,1426489483,0
11845,45920,1426489665,0
11845,45729,1426489665,0
11845,39226,1426489483,1
11845,41285,1426489665,1
11845,39557,1426489665,-1
11845,45536,1426489483,-1
11845,46971,1426489483,0
11845,47695,1426489483,1
11848,45536,1426148869,1
11848,46901,1426148869,1
11848,40195,1426148788,-1
11848,44071,1426148869,0
11848,45956,1426148869,0
11848,45833,1426148788,-1
11848,45921,1426148788,0
11848,45704,1426148869,1
11848,46184,1426148788,0
11848,41497,1426148869,0
11851,46207,1426137946,-1
11851,44551,1426137946,0
11851,41565,1426137946,1
11851,52556,1426137946,0
11851,44281,1426137946,0
11851,43834,1426137946,0
11851,46120,1426137946,-1
11851,52344,1426137946,0
11851,44565,1426137946,1
11851,43832,1426137946,0
11853,52340,1416920241,-1
11853,46054,1416919017,0
11853,46153,1416507597,-1
11853,46943,1426072505,-1
11853,46051,1416507597,1
11853,41285,1416507597,1
11853,46194,1416507597,1
11853,52261,1416920241,1
11853,47603,1426072505,0
11853,41062,1416920241,1
11858,47693,1425898808,0
11858,52355,1425898808,0
11858,46017,1425898808,1
11858,41566,1425898808,0
11858,39586,1425898808,1
11858,43328,1425898808,0
11858,46066,1425898808,1
11858,47602,1425898808,0
11858,39818,1425898808,0
11858,45974,1425898808,0
11860,37815,1425891443,0
11860,46296,1425891443,1
11860,41026,1425891443,0
11860,40302,1425891443,0
11860,40763,1425891443,0
11860,41145,1425891443,-1
11860,45893,1425891443,0
11860,43972,1425891443,-1
11860,46194,1425891443,0
11860,37863,1425891443,0
11862,43852,1425867465,1
11862,44551,1425867465,0
11862,52243,1425867465,-1
11862,44469,1425867465,0
11862,41678,1425867465,0
11862,46196,1425867465,0
11862,43777,1425867465,0
11862,46960,1425867465,0
11862,46971,1425867465,0
11862,45156,1425867465,1
11866,39301,1425759844,0
11867,41145,1425658404,-1
11867,45974,1425658404,0
11867,46204,1425658404,-1
11867,56746,1425658404,0
11867,37746,1425658404,-1
11867,46091,1425658404,0
11867,52239,1425658404,-1
11867,45940,1425658404,1
11867,45956,1425658404,0
11867,39598,1425658404,0
11869,44560,1425368644,1
11869,44560,1425468552,1
11875,46051,1425365148,-1
11875,41715,1424781054,-1
11875,42787,1425365148,-1
11875,46196,1425365148,0
11875,40302,1425365148,0
11875,46194,1424781054,0
11875,46091,1424781054,0
11875,46212,1425367509,1
11875,43972,1425365148,-1
11875,44067,1424781054,0
11878,47606,1421401514,1
11878,45949,1421401514,-1
11878,41529,1421401514,-1
11878,37855,1421401514,0
11878,46723,1421401514,0
11878,46184,1421401514,0
11878,41264,1421401514,1
11878,46286,1421401514,-1
11878,42939,1421401514,-1
11878,42865,1421401514,1
11881,40819,1425062292,1
11881,40819,1425063987,0
11881,40152,1425294336,-1
11881,40819,1425294336,1
11883,45929,1425127357,0
11883,37742,1425127489,0
11883,52369,1425127357,-1
11883,46194,1425127489,0
11883,52252,1425127357,1
11883,44067,1425127489,0
11883,52238,1425127357,-1
11883,47612,1425127489,0
11883,45892,1425127357,0
11883,47490,1425127357,-1
11886,43842,1425041410,-1
11886,56815,1425041686,-1
11886,46055,1425041410,1
11886,44748,1425041410,-1
11886,39817,1425041686,0
11886,43839,1425041410,0
11886,41076,1425041410,0
11886,37749,1425041686,-1
11886,43008,1425041686,0
11886,46249,1425041410,1
11888,47614,1424953021,0
11888,39226,1424953021,-1
11888,39497,1424953021,-1
11888,56815,1424953021,-1
11888,43008,1424953021,0
11888,46189,1424953021,0
11888,42868,1424952741,0
11888,46017,1424952741,-1
11888,47603,1424952741,0
11888,47683,1424953021,1
11890,45950,1425032638,0
11890,39579,1425032409,0
11890,39576,1425032409,0
11890,41145,1425032638,1
11890,44070,1425032638,-1
11890,41821,1425032638,0
11890,41822,1425032409,0
11890,41264,1425032638,1
11890,47609,1425032409,0
11890,47004,1425032409,0
11892,45956,1424954423,0
11892,46245,1424954423,-1
11892,44553,1424954472,1
11892,47695,1424954472,-1
11892,39557,1424954423,1
11892,39788,1424954472,1
11892,37746,1424954423,-1
11892,39595,1424954472,-1
11892,41026,1424954472,0
11892,43867,1424954423,-1
11896,45244,1424854271,0
11896,40320,1424854271,1
11896,44480,1424854271,0
11896,46051,1424854271,-1
11896,45217,1424854271,0
11896,39576,1424854271,0
11896,41821,1424854813,0
11896,39717,1424854271,-1
11896,45167,1424854813,0
11896,44564,1424854813,0
11902,44066,1424397633,-1
11902,45974,1424397633,0
11902,46211,1424397633,-1
11902,47004,1424397633,0
11902,39925,1424397633,0
11902,43854,1424397633,-1
11902,47612,1424397633,0
11902,40320,1424397633,1
11902,45969,1424397633,0
11902,45167,1424397633,0
11905,44070,1424340207,1
11905,39497,1424340207,1
11905,46289,1424340256,1
11905,45888,1424340207,0
11905,44551,1424340256,0
11905,46943,1424340207,1
11905,45716,1424340256,0
11905,41615,1424340256,1
11905,39609,1424340207,1
11905,52540,1424340256,1
11907,47606,1424337931,0
11907,46017,1424337931,-1
11907,46054,1424337931,-1
11907,46208,1424337931,0
11907,56746,1424337931,0
11907,39586,1424337931,-1
11907,45536,1424337931,-1
11907,46114,1424337931,-1
11907,45930,1424337931,-1
11907,46205,1424337931,-1
11916,41628,1424177293,0
11916,44466,1424177293,1
11916,46207,1424177293,-1
11916,41285,1424177293,1
11916,43972,1424177293,1
11916,46077,1424177293,0
11916,47612,1424177293,1
11916,45759,1424177293,1
11916,47609,1424177293,1
11916,47600,1424177293,1
11918,41835,1424079158,1
11918,46148,1424079158,1
11918,46936,1424079158,0
11918,45216,1424079158,1
11918,46979,1424079158,0
11918,45217,1424079158,0
11918,45156,1424079158,1
11918,46960,1424079158,0
11918,46976,1424079158,0
11918,46066,1424079158,1
11919,41831,1424080882,0
11919,38029,1424080882,0
11919,45950,1424081046,0
11919,40763,1424080882,0
11919,45217,1424081046,0
11919,47490,1424080882,-1
11919,47614,1424081046,0
11919,46189,1424080882,0
11919,52369,1424080882,-1
11919,45892,1424081046,0
11921,45245,1424066741,0
11921,41678,1424066741,0
11921,46027,1424066741,-1
11921,39580,1424066741,0
11921,52368,1424066741,-1
11921,46132,1424066741,-1
11921,41529,1424066741,1
11921,43972,1424066741,-1
11921,46204,1424066741,-1
11921,46055,1424066741,-1
11925,46249,1423442886,-1
11925,52263,1423442746,1
11925,45943,1423442886,1
11925,45700,1423442746,0
11925,39748,1423442746,0
11925,44553,1423442746,-1
11925,46017,1423442886,1
11925,41678,1423442886,0
11925,47601,1423442746,0
11925,37748,1423442886,0
11929,46153,1411507062,1
11929,37746,1411507062,0
11929,47019,1413292093,-1
11929,46769,1413292093,1
11929,46771,1413292093,1
11929,46153,1423221259,1
11929,37746,1423221259,0
11931,46289,1415015421,1
11931,46289,1423220555,1
11933,37747,1418904934,1
11933,37747,1423219786,1
11934,44070,1423216873,-1
11934,41264,1423216873,1
11934,39576,1423216873,0
11934,40320,1423216873,-1
11934,43777,1423216873,0
11934,47605,1423216873,0
11934,45941,1423216873,0
11934,44062,1423216873,0
11934,43008,1423216873,0
11934,46243,1423216873,1
11936,52263,1423214106,1
11936,46153,1423214106,1
11936,47607,1423214106,0
11936,45245,1423214106,0
11936,44466,1423214106,-1
11936,43836,1423214106,-1
11936,39818,1423214106,0
11936,45929,1423214106,0
11936,42835,1423214106,0
11936,45758,1423214106,-1
11940,45943,1423139775,1
11940,44300,1421062209,0
11940,41134,1423139775,0
11940,52261,1423139775,1
11940,43867,1423139775,1
11940,46212,1421062209,-1
11940,46017,1423139775,1
11940,39576,1421062209,0
11940,41615,1423139775,1
11940,40320,1421062209,1
11943,43221,1423132302,1
11943,46303,1423132302,1
11943,40287,1423132302,0
11943,47600,1423132302,-1
11943,47508,1423132302,1
11943,43836,1423132302,-1
11943,47490,1423132302,0
11943,46247,1423132302,0
11943,52352,1423132302,1
11943,57115,1423137151,-1
11944,41264,1423131651,1
11944,45888,1423131651,0
11944,41628,1423131651,0
11944,45758,1423131651,1
11944,43335,1423131651,-1
11944,47598,1423131651,-1
11944,37742,1423131651,0
11944,44070,1423131651,0
11944,45969,1423131651,0
11944,37793,1423131651,0
11946,41357,1423130449,-1
11946,47508,1423130449,-1
11946,46294,1423130449,-1
11946,47601,1423130449,0
11946,45758,1423130449,-1
11946,39226,1423130449,1
11946,37863,1423130449,0
11946,41264,1423130449,-1
11946,47490,1423130449,0
11946,46249,1423130449,1
11948,44466,1423129941,-1
11948,46901,1423129941,-1
11948,41630,1423129941,0
11948,44066,1423129941,-1
11948,44067,1423129941,0
11948,42787,1423129941,-1
11948,41145,1423129941,-1
11948,39597,1423129941,-1
11948,44551,1423129941,0
11948,47602,1423129941,0
11949,43836,1423128412,1
11949,46262,1423128412,1
11949,38071,1423128412,0
11949,46051,1413191520,1
11949,46723,1413191520,0
11949,52331,1413191520,1
11949,46303,1423128412,-1
11949,45543,1423128412,0
11949,38071,1413191520,0
11949,46184,1413191520,0
11951,45307,1413196033,1
11951,46111,1413196033,1
11951,46111,1423124429,1
11951,45307,1423124429,1
11952,40287,1422982611,0
11952,45973,1422983206,1
11952,47695,1422982611,1
11952,45892,1422983206,0
11952,39485,1422982611,0
11952,44564,1422983206,0
11952,44242,1422982611,0
11952,46901,1422983206,1
11952,52261,1422983206,1
11952,39609,1422982611,1
11954,39579,1422963329,0
11954,43972,1422963329,1
11954,46171,1422963329,1
11954,45758,1422963329,1
11954,37747,1422963329,1
11954,39586,1422963329,1
11954,44483,1422963329,1
11954,47180,1422963329,0
11954,45245,1422963329,0
11954,43940,1422963329,0
11955,41026,1422887290,0
11955,44469,1422887185,0
11955,46901,1422887185,-1
11955,44476,1422887290,0
11955,45543,1422887290,0
11955,45733,1422887290,-1
11955,47519,1422887185,0
11955,46247,1422887290,1
11955,45892,1422887185,-1
11955,42787,1422887185,-1
11956,47603,1422874250,0
11956,43940,1422874250,0
11956,45974,1422874250,0
11956,44300,1422874250,0
11956,52556,1422874250,0
11956,45716,1422874250,0
11956,40287,1422874250,0
11956,37863,1422874250,0
11956,47609,1422874250,0
11956,46114,1422874250,1
11957,40297,1419321223,1
11957,44464,1419321223,1
11957,40297,1422868913,1
11957,44464,1422868913,1
11958,37749,1420603884,1
11958,47490,1420603884,1
11958,37749,1422868618,1
11958,47490,1422868618,1
11959,46289,1415944159,-1
11959,46055,1415944159,-1
11959,39925,1415944159,0
11959,39609,1415944159,-1
11959,44553,1415944159,-1
11959,41285,1415944159,1
11959,46259,1415944159,1
11959,44067,1415944159,0
11959,37746,1415944159,1
11959,39349,1415944159,0
11961,41865,1419323432,1
11961,47655,1422865282,1
11961,37747,1422867618,1
11961,47655,1419322681,1
11961,44469,1419322681,1
11961,41865,1422867618,1
11961,44469,1422865282,1
11961,41145,1422865282,1
11961,37747,1419323432,1
11961,41145,1419322681,1
11962,41145,1419395166,1
11962,41145,1422867424,1
11963,46247,1419408191,1
11963,41264,1419408191,0
11963,41264,1422865603,0
11963,46247,1422865603,1
11968,47683,1419325097,1
11968,44469,1419325097,1
11968,47683,1422865289,1
11968,44469,1422865289,1
11969,44469,1419315146,0
11969,44469,1422865276,0
11970,44469,1418075851,1
11970,44469,1422865270,1
11973,46019,1419414694,0
11973,46019,1422862293,0
11976,41845,1422312634,1
11976,45974,1422312634,0
11976,47180,1422312634,0
11976,39556,1422312634,1
11976,37747,1422312634,-1
11976,46204,1422312634,-1
11976,42871,1422312634,-1
11976,46098,1422312634,0
11976,41357,1422312634,-1
11976,37863,1422312634,0
11984,41768,1422022112,1
11984,37863,1422022112,0
11984,46294,1422022112,1
11984,46211,1422022112,0
11985,41865,1422005648,-1
11985,46091,1422005648,0
11985,45266,1422005648,1
11985,45729,1422005648,0
11985,45920,1422005648,0
11985,41264,1422005648,-1
11985,47519,1422005648,0
11985,52369,1422005648,-1
11985,41715,1422005648,1
11985,46111,1422005648,-1
11987,41628,1421924932,0
11987,46723,1421924932,0
11987,44483,1421924932,-1
11987,42787,1421924932,-1
11987,41357,1421924932,-1
11987,45764,1421924932,-1
11987,43777,1421924932,0
11987,46211,1421924932,-1
11987,44565,1421924932,-1
11987,43854,1421924932,-1
11989,45940,1421917024,1
11989,45949,1421916293,-1
11989,47203,1421916293,1
11989,41432,1421916293,1
11989,43867,1421917024,-1
11989,43424,1421916293,0
11989,52556,1421917024,0
11989,40077,1421916293,-1
11989,45892,1421916293,-1
11989,44469,1421916293,1
11992,44564,1421843578,0
11992,45733,1421843685,0
11992,41134,1421843685,1
11992,57264,1421843578,1
11992,44564,1421843685,0
11992,43792,1421843685,0
11992,47692,1421843578,0
11992,52498,1421843685,1
11992,43792,1421843578,0
11992,52344,1421843685,0
11993,44748,1421836229,-1
11993,52498,1421843640,-1
11993,47598,1421843640,-1
11993,52259,1421836229,0
11993,37746,1421836229,-1
11993,41357,1421836229,0
11993,46051,1421843640,1
11993,45950,1421836229,1
11993,41134,1421836229,1
11993,57264,1421843640,-1
11995,38073,1411556723,0
11995,41264,1411556723,1
11995,46086,1411556723,1
11995,41264,1421745190,1
11995,38073,1421745190,0
11995,46086,1421745190,1
11996,41285,1411557328,1
11996,41285,1421744961,1
11997,43981,1421744883,1
11997,39586,1421744883,1
11997,47612,1421744883,1
11997,45388,1421744883,0
11997,45266,1421744883,1
11997,46262,1421744883,-1
11997,44067,1421744883,0
11997,45892,1421744883,-1
11997,46247,1421744883,1
11997,38071,1421744883,0
11998,43126,1413848988,1
11998,46184,1413849022,0
11998,39299,1413849022,0
11998,46262,1413848988,-1
11998,46276,1413848988,1
11998,38073,1413848988,0
11998,38071,1413849022,0
11998,43981,1413848988,1
11998,44242,1413849022,0
11998,43851,1413849022,0
11999,37747,1414015405,1
11999,45973,1414015405,1
11999,46976,1414015405,1
11999,45973,1421735725,1
11999,46976,1421735725,1
11999,37747,1421735725,1
12000,39750,1414053854,0
12000,39750,1421735693,0
12003,45941,1415999907,1
12003,45940,1415999907,1
12003,47490,1415999907,1
12003,45940,1421735136,1
12003,47490,1421735147,0
12003,46066,1421735147,0
12003,47490,1416000940,0
12003,46066,1415999907,1
12003,45941,1421735136,1
12003,46066,1416000940,0
12005,40320,1419036182,1
12005,45388,1419036182,0
12005,43851,1419036182,0
12005,37815,1419036182,0
12005,44553,1419036701,-1
12005,44564,1419036701,0
12005,37793,1419036182,0
12005,44445,1419036701,1
12005,46171,1419036182,-1
12005,46194,1419036182,-1
12008,44748,1416392943,0
12008,44553,1416392943,-1
12008,41264,1416392943,-1
12008,41145,1416392943,0
12008,44553,1421733888,-1
12008,44748,1421733888,-1
12008,41145,1421733888,0
12008,41264,1421733888,-1
12009,45950,1416393430,1
12009,45950,1421733729,1
12010,39489,1416468854,0
12010,44300,1416468854,0
12010,46184,1416468854,0
12010,39349,1416468854,0
12010,45764,1416468854,1
12010,45733,1416468854,-1
12010,44242,1416468854,0
12010,45940,1416468854,0
12010,42835,1416468854,0
12010,43586,1416468854,-1
12013,45976,1416816882,0
12013,45976,1421733574,0
12016,46054,1417043328,0
12016,46055,1417043328,1
12016,52538,1417043328,1
12016,52259,1417043328,1
12016,46055,1421730065,1
12016,46054,1421730065,0
12016,52259,1421730065,1
12016,52538,1421730065,1
12018,37747,1418186914,1
12018,44067,1418186914,0
12018,38071,1418186914,0
12018,43854,1418186914,1
12018,52368,1418186914,1
12018,46205,1418186914,1
12018,37746,1418186914,1
12018,37749,1418186914,-1
12018,39226,1418186914,-1
12018,45956,1418186914,0
12020,45921,1421141998,0
12020,46114,1421141998,1
12020,41329,1421141998,0
12020,52259,1421729186,-1
12020,44279,1421729186,0
12020,45940,1421729186,-1
12020,39580,1421729186,0
12020,41628,1421729186,0
12020,47603,1421141998,1
12020,45266,1421729186,1
12024,41678,1421647249,0
12024,47602,1421647249,0
12024,42966,1421647191,1
12024,42967,1421647191,-1
12024,39748,1421647249,0
12024,37742,1421647191,1
12024,43335,1421647249,-1
12024,44567,1421647191,-1
12024,45943,1421647249,1
12024,39922,1421647191,0
12026,41145,1421585364,0
12026,41432,1420622562,1
12026,37742,1420690819,1
12026,46095,1420622562,1
12026,38064,1420622562,-1
12026,46983,1421585364,0
12026,41432,1421585364,1
12026,46095,1421585364,1
12026,37742,1421585370,1
12026,46983,1420622562,0
12027,44284,1418979408,0
12027,46017,1418979408,1
12027,52259,1418979408,0
12027,45943,1418979408,1
12027,46304,1418979408,1
12027,46184,1418979408,0
12027,39497,1418979408,-1
12027,52556,1418979408,0
12027,47881,1418979408,0
12027,52271,1418979408,1
12028,52261,1421583679,-1
12028,41725,1419308315,-1
12028,41678,1421583679,0
12028,46120,1421583679,1
12028,40320,1419308315,-1
12028,39299,1421583679,0
12028,39818,1421583679,0
12028,46120,1419308315,-1
12028,43008,1419308315,1
12028,42865,1419308315,1
12031,39524,1419607863,1
12031,46145,1419607863,0
12031,46145,1421582475,0
12031,39524,1421582475,1
12033,44310,1421582297,0
12033,41145,1421582297,1
12033,44238,1418893075,0
12033,46098,1421582297,0
12033,41145,1418893075,1
12033,44550,1418893075,0
12033,46097,1418893075,0
12033,44310,1418893075,0
12033,43832,1421582297,0
12033,44445,1421582297,1
12034,46262,1418812219,1
12034,41628,1418812219,0
12034,41285,1421582141,-1
12034,43777,1421582141,0
12034,52263,1418812219,-1
12034,46936,1421582141,-1
12034,37742,1421582141,-1
12034,41678,1421582141,0
12034,42725,1421582141,0
12034,52369,1421582141,-1
12035,39489,1421581267,0
12035,45934,1421581267,0
12035,40302,1421581267,0
12035,42963,1421581267,-1
12035,44284,1421581267,0
12035,52331,1421581267,-1
12035,37742,1421581267,0
12035,40287,1421581267,0
12035,41624,1421581267,0
12035,38071,1421581267,0
12041,46943,1421162611,-1
12041,45733,1421162611,-1
12041,39497,1421162611,-1
12041,44242,1421162611,0
12041,39717,1421162611,1
12041,43940,1421162611,0
12041,43852,1421162611,1
12041,44480,1421233561,0
12041,42955,1421162611,1
12041,52344,1421233561,0
12043,46046,1421183400,0
12043,46046,1421183634,0
12050,43335,1421142726,1
12050,39788,1421142726,-1
12050,41678,1421142726,0
12050,39488,1421142726,0
12050,47693,1421142726,0
12050,47520,1421142726,0
12050,44067,1421142726,0
12050,41366,1421142726,0
12050,47614,1421142726,-1
12050,47473,1421142726,0
12054,37746,1421061451,-1
12054,46017,1421061589,1
12054,39788,1421061589,1
12054,46132,1421061451,-1
12054,46247,1421061451,-1
12054,41357,1421061589,1
12054,43839,1421061451,0
12054,46171,1421061589,1
12054,47180,1421061589,0
12054,41608,1421061589,0
12058,46194,1420621411,-1
12062,46017,1418374047,0
12062,46060,1418374047,-1
12062,46017,1420453334,1
12065,43852,1420227237,-1
12065,42787,1420227237,-1
12065,42833,1420227237,0
12065,41640,1420227237,-1
12065,44480,1420227331,0
12065,46153,1420227331,-1
12065,45956,1420227331,0
12065,46303,1420227237,1
12065,45266,1420227331,-1
12065,46289,1420227331,-1
12071,44483,1419420457,0
12079,41026,1419327314,0
12079,44550,1419327314,0
12079,46259,1419327314,-1
12079,52556,1419327314,0
12079,46936,1419327314,-1
12079,42934,1419327314,0
12079,45388,1419327314,0
12079,39684,1419327314,0
12079,45543,1419327314,0
12079,37793,1419327314,0
12081,46901,1419327210,1
12081,47683,1419327210,1
12081,43008,1419327210,1
12081,45388,1419327210,0
12081,43981,1419327210,-1
12081,43948,1419327210,0
12081,43126,1419327210,-1
12081,40297,1419327210,1
12081,44070,1419327210,0
12081,46204,1419327210,1
12083,46111,1419326986,-1
12083,46247,1419326986,-1
12083,46976,1419326986,-1
12083,42955,1419326986,-1
12083,45744,1419326986,0
12083,46017,1419326986,0
12083,44565,1419326986,-1
12083,52540,1419326986,-1
12083,45929,1419326986,0
12083,39299,1419326986,0
12085,45245,1419325023,0
12085,46091,1419325023,0
12085,41640,1419325023,1
