14883,58369,1370025327,0
14883,45717,1370025327,0
14883,42984,1370025327,1
14883,42939,1370025327,1
14883,39802,1370025327,0
14883,39348,1370025327,1
14884,44464,1370025063,0
14884,44540,1370025063,0
14887,39663,1370009114,0
14890,46111,1369833876,1
14890,46111,1370007518,-1
14893,44454,1369987425,1
14893,44464,1369987425,1
14893,47655,1369987425,1
14893,41715,1369987426,1
14895,46072,1369985336,0
14895,43780,1369985336,0
14895,43777,1369985336,0
14895,46073,1369985336,0
14897,40206,1369950655,0
14897,39624,1369950655,0
14897,41678,1369950655,0
14897,39175,1369950655,0
14897,41658,1369950655,0
14897,58084,1369950655,0
14897,44299,1369950655,0
14897,41609,1369950655,0
14897,52271,1369950655,0
14897,51991,1369950655,0
14897,42868,1369950655,0
14897,58158,1369950655,0
14897,37830,1369950655,0
14897,46249,1369950655,0
14897,39375,1369950655,0
14897,40994,1369950655,0
14897,39454,1369950655,0
14897,46283,1369950655,0
14897,40086,1369950655,0
14897,46204,1369950655,0
14899,42943,1369948218,0
14899,46974,1369948218,0
14899,39610,1369948218,0
14899,39458,1369948218,0
14899,45163,1369948218,0
14899,42951,1369948218,-1
14899,57444,1369948218,-1
14899,46212,1369948218,-1
14899,42865,1369948218,-1
14899,40086,1369948218,0
14899,46182,1369948218,0
14899,51990,1369948218,-1
14899,40098,1369948218,0
14899,44240,1369948218,-1
14899,58091,1369948218,0
14899,41614,1369948218,0
14899,58298,1369948218,0
14899,39643,1369948218,0
14899,46072,1369948218,0
14899,58291,1369948218,0
14901,58084,1369914644,1
14905,57936,1369898799,-1
14908,39458,1369875572,0
14908,46723,1369875572,1
14908,47004,1369875572,-1
14909,42868,1369867659,0
14909,57936,1369867659,0
14909,39361,1369867659,0
14909,45974,1369867659,0
14909,45266,1369867659,0
14909,40174,1369867659,0
14909,40196,1369867659,0
14909,58273,1369867659,-1
14909,46243,1369867659,1
14909,42951,1369867659,1
14909,57438,1369867659,0
14909,46145,1369867659,-1
14909,40188,1369867659,0
14909,44466,1369867659,1
14909,37832,1369867659,0
14909,40086,1369867659,0
14909,46171,1369867659,-1
14909,46271,1369867659,-1
14909,58084,1369867659,-1
14909,58158,1369867659,0
14911,46767,1369833875,1
14911,47017,1369833876,1
14912,45036,1369817421,1
14917,39603,1369739243,0
14921,46296,1369660481,-1
14921,46983,1369660481,0
14921,57921,1369660481,0
14921,58218,1369660481,0
14921,46194,1369660481,1
14921,46171,1369660481,1
14921,46120,1369660481,1
14923,39791,1369659329,1
14923,46040,1369659329,0
14923,46009,1369659329,0
14927,42945,1369559992,0
14927,46287,1369559992,0
14927,39650,1369559992,0
14927,40196,1369559992,0
14927,46254,1369559992,1
14927,58084,1369559992,1
14927,57424,1369559992,0
14927,42787,1369559992,-1
14927,39361,1369559992,0
14927,37832,1369559992,0
14927,58326,1369559992,0
14927,40304,1369559992,1
14927,42865,1369559992,-1
14927,39149,1369559992,0
14927,42984,1369559992,0
14927,40172,1369559992,0
14927,39809,1369559992,1
14927,39919,1369559992,1
14927,40191,1369559992,-1
14927,39541,1369559992,1
14929,39605,1369447252,1
14929,44298,1369447252,0
14929,46153,1369447252,0
14929,40269,1369447252,-1
14929,43009,1369447252,1
14929,46256,1369447252,-1
14929,40170,1369447252,0
14929,39541,1369447252,-1
14929,57351,1369447252,0
14929,57440,1369447252,0
14929,39610,1369447252,0
14929,58326,1369447252,0
14929,41027,1369447252,0
14929,39970,1369447252,0
14929,52271,1369447252,1
14929,46207,1369447252,1
14929,41620,1369447252,1
14929,40189,1369447252,-1
14929,46257,1369447252,0
14929,46055,1369447252,0
14932,39541,1369439204,1
14934,41620,1369432872,-1
14934,46952,1369432872,0
14934,44284,1369432872,0
14934,45947,1369432872,1
14934,44299,1369432872,1
14934,40172,1369432872,0
14934,40318,1369432872,0
14934,40304,1369432872,1
14934,46248,1369432872,0
14934,43002,1369432872,0
14934,43972,1369432872,-1
14934,46286,1369432872,1
14934,46060,1369432872,0
14934,57350,1369432872,-1
14934,46108,1369432872,1
14934,46257,1369432872,0
14934,46976,1369432872,1
14934,41715,1369432872,1
14934,41676,1369432872,0
14934,40841,1369432872,1
14936,43002,1369419045,0
14936,41627,1369419045,1
14936,39453,1369419045,0
14936,41666,1369419045,1
14936,58086,1369419045,0
14936,37863,1369419045,0
14936,46260,1369419045,0
14936,46283,1369419045,1
14936,40024,1369419045,0
14936,57344,1369419045,1
14936,46243,1369419045,1
14936,39586,1369419045,1
14936,39602,1369419045,-1
14936,46273,1369419045,0
14936,45974,1369419045,0
14936,47011,1369419045,0
14936,40170,1369419045,0
14936,39605,1369419045,1
14936,45264,1369419045,0
14936,41623,1369419045,0
14938,52266,1369415384,0
14938,42868,1369415384,0
14938,40269,1369415384,0
14938,45973,1369415384,0
14938,44298,1369415384,0
14938,45947,1369415384,0
14938,58318,1369415384,0
14938,41628,1369415384,0
14938,45934,1369415384,0
14938,44296,1369415384,0
14938,39809,1369415384,0
14938,46286,1369415384,0
14938,42943,1369415384,0
14938,57989,1369415384,0
14938,46119,1369415384,0
14938,39643,1369415384,0
14938,38029,1369415384,0
14938,42829,1369415384,0
14938,43008,1369415384,0
14938,41640,1369415384,0
14940,44469,1369401844,0
14941,46976,1369393863,1
14941,39624,1369393863,0
14941,37747,1369393863,1
14945,46055,1369385926,0
14946,41678,1369379238,0
14946,41715,1369379238,0
14947,41705,1369379238,1
14948,46119,1369375069,1
14950,46145,1369366036,1
14951,58158,1369360003,-1
14951,45973,1369360003,-1
14951,42954,1369360003,0
14951,40189,1369360003,1
14951,39507,1369360003,0
14951,45772,1369360003,1
14951,41027,1369360003,0
14951,38073,1369360003,0
14951,40269,1369360003,1
14951,39608,1369360003,1
14951,40188,1369360003,0
14951,45947,1369360003,1
14951,42823,1369360003,0
14951,42849,1369360003,-1
14951,46212,1369360003,-1
14951,40831,1369360003,1
14951,41640,1369360003,1
14951,40978,1369360003,0
14951,58319,1369360003,0
14951,39643,1369360003,0
14953,39650,1369358776,0
14953,41628,1369358776,0
14953,43008,1369358776,0
14953,43009,1369358776,0
14953,42770,1369358776,1
14953,42757,1369358776,0
14953,57355,1369358776,0
14953,58084,1369358776,1
14955,43009,1369082383,0
14955,46260,1369352956,0
14955,41620,1369352956,1
14955,46051,1369082383,0
14955,40820,1369082383,0
14955,41605,1369352956,-1
14955,40980,1369082383,0
14955,58091,1369082383,0
14955,40978,1369082383,0
14955,39586,1369352956,1
14955,39362,1369082383,0
14955,57417,1369352956,1
14955,39246,1369352956,-1
14955,56808,1369352956,-1
14955,57344,1369352956,1
14955,57350,1369082383,0
14955,40831,1369082383,0
14955,46060,1369352956,0
14955,46122,1369082383,0
14955,46182,1369082383,0
14957,46289,1369351987,1
14959,51991,1369344940,0
14959,58084,1369344940,0
14959,58106,1369344940,0
14959,44469,1369344940,0
14959,46287,1369344940,0
14959,39361,1369344940,0
14959,37746,1369344940,0
14959,52355,1369344940,0
14959,43009,1369344940,0
14959,39614,1369344940,0
14959,45168,1369344940,0
14959,41301,1369344940,0
14959,58319,1369344940,0
14959,41658,1369344940,0
14959,41656,1369344940,0
14959,56839,1369344940,0
14959,45304,1369344940,0
14959,46211,1369344940,0
14959,45772,1369344940,0
14959,37863,1369344940,0
14961,41656,1369342120,0
14961,39924,1369342120,0
14961,39602,1369342120,1
14961,41301,1369342120,1
14961,45294,1369342120,1
14961,58084,1369342120,1
14961,38029,1369342120,0
14961,41623,1369342120,0
14961,46171,1369342120,1
14961,46251,1369342120,0
14961,45718,1369342120,1
14961,51990,1369342120,-1
14961,46052,1369342120,0
14961,40098,1369342120,0
14961,58032,1369342120,0
14961,37746,1369342120,1
14961,46055,1369342120,1
14961,46122,1369342120,0
14961,39507,1369342120,0
14961,56946,1369342120,0
14966,46041,1369331147,0
14966,42866,1369331147,1
14966,41624,1369331147,1
14966,42832,1369331147,-1
14966,58031,1369331147,0
14966,42868,1369331147,0
14966,40098,1369331147,0
14966,58378,1369331147,0
14966,47873,1369331147,-1
14966,40206,1369331147,0
14966,41615,1369331147,0
14966,58276,1369331147,1
14966,42829,1369331147,0
14966,42830,1369331147,1
14966,41623,1369331147,0
14966,58084,1369331147,-1
14966,52118,1369331147,1
14966,37827,1369331147,0
14966,58174,1369331147,1
14966,52242,1369331147,1
14968,43972,1369285950,1
14972,46271,1369270250,-1
14975,42770,1369180541,0
14975,57994,1369180541,0
14975,57439,1369180541,1
14975,57439,1369258420,1
14975,46289,1369258420,0
14975,57444,1369258420,0
14975,42947,1369258420,1
14975,42787,1369258420,1
14979,57424,1369225031,1
14980,45294,1369220206,1
14980,45304,1369220206,0
14982,39213,1369134565,0
14982,57344,1369216878,-1
14982,41301,1369134565,0
14982,52340,1369134565,0
14982,37880,1369134565,0
14982,39539,1369134565,0
14982,46298,1369134565,0
14982,57417,1369216878,-1
14982,39454,1369134565,0
14982,57921,1369134565,0
14982,56854,1369134565,0
14982,56808,1369134565,0
14982,46153,1369134565,0
14982,46988,1369134565,0
14982,57344,1369134565,0
14982,57351,1369134565,0
14982,57417,1369134565,0
14982,46201,1369134565,0
14982,58471,1369134565,0
14982,41282,1369134565,0
14983,45038,1369214388,1
14983,45074,1369214388,0
14983,45024,1369214388,-1
14984,58174,1369205490,0
14984,58106,1369205490,0
14984,58186,1369205490,0
14986,57997,1369188809,0
14986,57355,1369188809,0
14986,57351,1369188809,0
14986,46042,1369188809,0
14986,41624,1369188809,1
14986,42787,1369188809,1
14986,45973,1369188809,0
14986,44454,1369188809,0
14987,58186,1369177589,0
14987,58106,1369177589,0
14987,58174,1369177589,-1
14988,46191,1369173307,0
14988,52271,1369173307,0
14988,44279,1369173307,0
14988,40033,1369173307,0
14988,41656,1369173307,0
14988,57647,1369173307,0
14988,41623,1369173307,0
14988,37827,1369173307,0
14988,40172,1369173307,0
14988,46060,1369173307,0
14988,40026,1369173307,0
14988,41615,1369173307,0
14988,43554,1369173307,0
14988,41433,1369173307,0
14988,39149,1369173307,0
14988,46723,1369173307,0
14988,39809,1369173307,0
14988,42951,1369173307,0
14988,39361,1369173307,0
14988,46266,1369173307,0
14990,46238,1369172612,0
14990,40269,1369172612,-1
14990,45943,1369172612,-1
14990,46212,1369172612,1
14990,40033,1369172612,0
14990,40086,1369172612,0
14990,57982,1369172612,0
14990,42963,1369172612,0
14990,44240,1369172612,1
14990,46191,1369172612,0
14990,46051,1369172612,0
14990,46250,1369172612,0
14990,42984,1369172612,0
14990,46171,1369172612,0
14990,42831,1369172612,1
14990,46246,1369172612,-1
14990,40196,1369172612,0
14990,41282,1369172612,0
14990,46245,1369172612,0
14990,44279,1369172612,0
14993,46013,1369162913,0
14993,46243,1369162913,1
14993,46042,1369162913,0
14996,56854,1369129535,0
14997,57351,1369123387,1
14997,46201,1369123387,1
14998,56854,1369118452,1
14998,56839,1369118452,0
14998,56857,1369118452,1
14998,56808,1369118452,0
14998,56810,1369118452,-1
14999,58084,1369117849,0
15000,42951,1369116213,0
15000,45943,1369116213,0
15000,46243,1369116213,0
15000,44279,1369116213,0
15000,46257,1369116213,0
15000,42864,1369116213,0
15000,46211,1369116213,0
15000,58084,1369116213,1
15000,43981,1369116213,0
15000,44298,1369116213,0
15000,43002,1369116213,0
15000,40198,1369116213,0
15000,47873,1369116213,0
15000,40831,1369116213,0
15000,39507,1369116213,0
15000,45774,1369116213,0
15000,58275,1369116213,0
15000,39610,1369116213,0
15000,43972,1369116213,0
15000,37832,1369116213,0
15002,58412,1369093404,0
15002,46153,1369093404,1
15002,46988,1369093404,0
15002,37746,1369093404,1
15002,37747,1369093404,-1
15003,41640,1369093398,1
15003,52271,1369093398,-1
15003,42849,1369093398,-1
15003,58273,1369093398,1
15003,46238,1369093398,0
15003,41026,1369093398,0
15003,39609,1369093398,1
15003,42951,1369093398,-1
15003,42829,1369093398,0
15003,46260,1369093398,0
15003,40304,1369093398,0
15003,43009,1369093398,-1
15003,56779,1369093398,-1
15003,45774,1369093398,0
15003,47011,1369093398,0
15003,37830,1369093398,0
15003,58031,1369093398,0
15003,39213,1369093398,0
15003,46052,1369093398,0
15003,44296,1369093398,0
15005,40098,1369092105,0
15005,38028,1369092105,0
15005,40318,1369092105,0
15005,39610,1369092105,0
15005,39508,1369092105,0
15005,42947,1369092105,1
15005,46248,1369092105,0
15005,42831,1369092105,1
15005,44464,1369092105,-1
15005,37855,1369092105,0
15005,46072,1369092105,0
15005,39506,1369092105,0
15005,51991,1369092105,-1
15005,42943,1369092105,0
15005,37830,1369092105,0
15005,46060,1369092105,0
15005,41658,1369092105,-1
15005,43009,1369092105,1
15005,41027,1369092105,0
15005,41623,1369092105,0
15010,45923,1358553813,0
15010,47606,1358553813,0
15010,39918,1358553813,0
15010,39319,1358553813,0
15010,45083,1358553813,0
15010,39160,1358553813,0
15010,39604,1358553813,0
15010,39206,1358553813,0
15010,39329,1358553813,0
15010,46296,1358553813,0
15010,56854,1358553813,0
15010,39539,1369060547,1
15010,39740,1358553813,0
15010,56736,1358553813,0
15010,45941,1358553813,0
15010,39723,1358553813,0
15010,46201,1358553813,0
15010,59921,1358553813,0
15010,39342,1358553813,0
15010,45938,1358553813,0
15011,37747,1369054610,1
15012,46191,1369053372,0
15015,56808,1369042317,0
15016,46296,1369039111,-1
15016,46298,1369039111,1
15016,37727,1369039111,0
15016,41301,1369039111,0
15017,41364,1369031299,1
15017,41282,1369031299,0
15018,58084,1369011253,1
15020,58084,1368838198,0
15020,42787,1368838198,1
15020,46264,1368838198,0
15020,46072,1368838198,0
15020,44464,1368838198,-1
15020,40269,1368838198,-1
15020,42831,1368838198,1
15020,46288,1368838198,-1
15020,44469,1368838198,1
15020,46246,1368838198,-1
15020,40820,1368838198,1
15020,42830,1368838198,1
15020,46723,1368838198,-1
15020,46283,1368838198,1
15020,39375,1368838198,-1
15020,46211,1368838198,-1
15020,39627,1368838198,-1
15020,57417,1368838198,1
15020,46212,1368838198,1
15020,40190,1368838198,0
15022,57936,1368826583,1
15022,41231,1368826583,1
15022,39627,1368826583,1
15022,39614,1368826583,1
15022,37880,1368826583,0
15023,43554,1368816000,0
15024,39924,1368792823,-1
15024,37747,1368792823,-1
15024,37863,1368792823,0
15024,39625,1368792823,-1
15024,46211,1368792823,0
15024,58412,1368792823,0
15025,46211,1368790277,0
15025,39249,1368790277,0
15027,46271,1368776764,0
15027,39608,1368776764,0
15027,57424,1368776764,0
15027,44298,1368776764,0
15027,40304,1368776764,0
15027,39246,1368776764,0
15027,45974,1368776764,0
15027,39919,1368776764,0
15027,45163,1368776764,0
15027,40188,1368776764,0
15027,43002,1368776764,0
15027,41622,1368776764,0
15027,40077,1368776764,0
15027,39508,1368776764,0
15027,46260,1368776764,0
15027,43834,1368776764,0
15027,37747,1368776764,0
15027,41605,1368776764,0
15027,46251,1368776764,0
15027,45772,1368776764,0
15029,39302,1368741737,1
15029,37863,1368741737,0
15029,45930,1368741737,1
15029,46040,1368741737,0
15029,46055,1368741737,1
15029,46073,1368741737,-1
15029,46009,1368741737,0
15029,41603,1368741737,0
15029,43783,1368741737,-1
15029,37855,1368741737,0
15029,42939,1368741737,1
15029,58892,1368741737,0
15029,43781,1368741737,-1
15029,37747,1368741737,1
15029,46952,1368741737,0
15029,41865,1368741737,0
15029,47011,1368741737,0
15029,46054,1368741737,1
15029,46982,1368741737,0
15029,41715,1368741737,1
15030,41622,1368738470,0
15030,40978,1368738470,0
15030,43008,1368738470,-1
15030,46205,1368738470,0
15030,42787,1368738470,-1
15030,46261,1368738470,0
15030,39573,1368738470,0
15030,45718,1368738470,1
15030,41778,1368738470,0
15030,43002,1368738470,0
15030,45774,1368738470,0
15030,40190,1368738470,0
15030,46248,1368738470,0
15030,46243,1368738470,-1
15030,46182,1368738470,0
15030,41615,1368738470,0
15030,51991,1368738470,1
15030,46156,1368738470,1
15030,40180,1368738470,0
15030,37920,1368738470,0
15032,46051,1368711881,1
15035,45307,1368697782,1
15037,37863,1368697781,0
15037,39569,1368697781,0
15037,39573,1368697781,0
15037,39570,1368697781,0
15037,39568,1368697781,0
15038,39569,1368697780,1
15039,41778,1368688745,0
15040,40269,1368676241,1
15040,46204,1368676241,1
15040,41623,1368676241,0
15040,43299,1368676241,-1
15040,46248,1368676241,0
15040,40841,1368676241,1
15040,57921,1368676241,-1
15040,46251,1368676241,0
15040,39246,1368676241,1
15040,46053,1368676241,0
15040,41640,1368676241,1
15040,45774,1368676241,0
15040,45168,1368676241,0
15040,40831,1368676241,1
15040,46246,1368676241,1
15040,51991,1368676241,1
15040,40172,1368676241,0
15040,58413,1368676241,0
15040,44240,1368676241,-1
15040,39362,1368676241,1
15041,46122,1368654443,0
15041,41658,1368654443,-1
15041,47873,1368654443,-1
15041,40098,1368654443,0
15041,57351,1368654443,0
15041,38028,1368654443,0
15041,39246,1368654443,-1
15041,44299,1368654443,-1
15041,57434,1368654443,-1
15041,44464,1368654443,-1
15041,42955,1368654443,1
15041,46017,1368654443,1
15041,46066,1368654443,-1
15041,58326,1368654443,0
15041,39507,1368654443,0
15041,46251,1368654443,0
15041,39602,1368654443,-1
15041,39919,1368654443,-1
15041,39809,1368654443,-1
15041,41627,1368654443,1
15044,46153,1361876279,1
15044,60307,1361876279,0
15044,46153,1368632362,1
15044,46153,1368672109,1
15045,46120,1368621495,1
15045,46120,1368672109,1
15048,44070,1368619078,0
15048,44070,1368672109,0
15049,46120,1368616552,1
15049,41568,1368616552,0
15049,46120,1368672109,-1
15049,41568,1368672109,1
15051,46920,1368611917,0
15051,46211,1368611917,1
15051,39482,1368611917,0
15051,41357,1368611917,0
15051,41364,1368611917,0
15051,41808,1368611917,0
15051,41808,1368672108,1
15051,41357,1368672108,1
15051,41364,1368672108,1
15051,39482,1368672108,0
15051,46211,1368672108,1
15051,46920,1368672108,0
15052,46976,1368608139,0
15052,46976,1368672107,0
15056,39609,1368654828,1
15056,46089,1359077211,0
15056,44237,1360026546,0
15056,45991,1359077211,0
15056,46961,1360026546,0
15056,60122,1359077211,0
15056,39646,1360026546,0
15056,37746,1359077211,0
15056,39507,1360026546,0
15056,45772,1368654828,1
15056,39643,1360026546,0
15056,46204,1368654828,-1
15056,39689,1360026546,0
15056,39302,1359077211,0
15056,46017,1368654828,-1
15056,46108,1360026546,0
15056,39156,1359077211,0
15056,46099,1360026546,0
15056,39789,1359077211,0
15056,46204,1360354771,0
15058,58413,1368653247,0
15058,46995,1368653247,0
15058,46156,1368653247,0
15058,46194,1368653247,0
15058,46137,1368653247,0
15058,46243,1368653247,1
15058,46120,1368653247,0
15058,37904,1368653247,0
15058,41260,1368653247,1
15058,41381,1368653247,0
15058,41458,1368653247,0
15058,45304,1368653247,0
15058,41715,1368653247,1
15060,58084,1368652089,0
15060,46288,1368652089,-1
15060,57426,1368652089,0
15060,58382,1368652089,0
15060,45761,1368652089,0
15060,46053,1368652089,0
15060,44279,1368652089,0
15060,46101,1368652089,0
15060,58276,1368652089,1
15060,39361,1368652089,0
15060,45947,1368652089,-1
15060,46250,1368652089,0
15060,46122,1368652089,0
15060,46041,1368652089,0
15060,41656,1368652089,0
15060,57350,1368652089,1
15060,37830,1368652089,0
15060,42954,1368652089,0
15060,58032,1368652089,0
15060,46990,1368652089,0
15063,46995,1368648771,0
15063,58413,1368648771,0
15063,46156,1368648771,1
15063,46194,1368648771,0
15063,46137,1368648771,0
15063,41381,1368648771,0
15063,41260,1368648771,0
15063,41458,1368648771,1
15063,41715,1368648771,1
15063,46120,1368648771,0
15063,45304,1368648771,0
15064,41260,1368641801,1
15064,41715,1368641803,1
15064,41715,1368644293,0
15064,41260,1368644293,0
15064,41381,1368644293,0
15064,45304,1368644293,0
15068,41835,1368593549,0
15068,37743,1368593549,-1
15068,41640,1368593549,-1
15068,45774,1368593549,0
15068,58031,1368593549,0
15068,39517,1368593549,0
15068,42945,1368593549,0
15068,45017,1368593549,-1
15068,39334,1368593549,-1
15068,57439,1368593549,1
15068,45074,1368593549,-1
15068,46996,1368593549,0
15068,45973,1368593549,1
15068,57416,1368593549,-1
15068,40978,1368593549,0
15068,57350,1368593549,1
15068,46248,1368593549,0
15068,46249,1368593549,0
15068,42943,1368593549,0
15068,46998,1368593549,0
15072,37832,1368579130,0
15072,41446,1368579130,-1
15072,40191,1368579130,-1
15072,39718,1368579130,1
15072,51991,1368579130,1
15072,40206,1368579130,0
15072,39517,1368579130,0
15072,41608,1368579130,0
15072,40024,1368579130,0
15072,45078,1368579130,1
15072,45947,1368579130,1
15072,42945,1368579130,0
15072,41658,1368579130,1
15072,40026,1368579130,0
15072,46145,1368579130,1
15072,44298,1368579130,0
15072,46266,1368579130,0
15072,41026,1368579130,0
15072,45772,1368579130,1
15072,41705,1368579130,1
15077,45973,1368568622,1
15077,46288,1368568622,-1
15078,58032,1368557546,0
15078,41450,1368557546,1
15078,41628,1368557546,0
15078,46246,1368557546,1
15078,46238,1368557546,0
15078,42829,1368557546,0
15078,42943,1368557546,0
15078,37913,1368557546,0
15078,42830,1368557546,-1
15078,41845,1368557546,1
15078,39551,1368453263,1
15078,58318,1368557546,0
15078,45943,1368557546,1
15078,45984,1368557546,0
15078,57982,1368557546,0
15078,39823,1368557546,0
15078,41620,1368557546,-1
15078,46132,1368557546,1
15078,44464,1368557546,1
15078,46983,1368557546,1
15081,46120,1368528093,1
15081,46191,1368528093,0
15082,41574,1368528038,1
15082,46194,1368528038,1
15082,58413,1368528038,0
15083,39436,1368514328,1
15086,46194,1368484088,1
15086,45104,1368484088,1
15086,58032,1368484088,0
15086,41640,1368484088,1
15086,45018,1368484088,1
15086,46122,1368484088,0
15086,41622,1368484088,0
15086,41027,1368484088,0
15086,45024,1368484088,1
15086,41433,1368484088,0
15086,39610,1368484088,0
15086,42984,1368484088,0
15086,57921,1368484088,1
15086,46119,1368484088,1
15086,43017,1368484088,0
15086,39149,1368484088,0
15086,40304,1368484088,0
15086,40980,1368484088,1
15086,57416,1368484088,1
15086,40213,1368484088,1
15088,44478,1367884643,0
15088,45934,1367884643,0
15088,40295,1368483034,0
15088,46124,1367888272,0
15088,39220,1368206839,-1
15088,46053,1367949245,0
15088,58382,1368206839,0
15088,46304,1367949245,-1
15088,46947,1367888272,0
15088,39555,1368483034,0
15088,46281,1368206839,1
15088,58025,1368206839,0
15088,39337,1368206839,-1
15088,59853,1367888272,1
15088,42824,1367884643,0
15088,44478,1368206839,0
15088,45933,1368206839,0
15088,40978,1367949245,0
15088,46264,1368483034,0
15088,44297,1367949245,0
15090,46122,1368470440,0
15090,47640,1368470440,0
15090,42849,1368470440,0
15090,44298,1368470440,0
15090,37920,1368470440,0
15090,37830,1368470440,0
15090,39608,1368470440,0
15090,58279,1368470440,0
15090,39246,1368470440,0
15090,46988,1368470440,0
15090,46257,1368470440,0
15090,57351,1368470440,-1
15090,44469,1368470440,-1
15090,43308,1368470440,0
15090,45943,1368470440,-1
15090,52266,1368470440,0
15090,47683,1368470440,-1
15090,46930,1368470440,-1
15090,46993,1368470440,0
15090,57982,1368470440,0
15094,43009,1368436260,0
15095,59523,1368426818,0
15095,45943,1368426818,1
15095,39551,1368426818,0
15095,41480,1368426818,0
15095,46191,1368426819,1
15095,39541,1368426818,-1
15095,39544,1368426818,0
15095,46191,1368426819,0
15095,59523,1368426819,0
15095,39541,1368426819,1
15095,59522,1368426819,-1
15095,59522,1368426818,0
15095,46995,1368426819,0
15095,39541,1368426818,-1
15095,41715,1368426819,0
15095,46191,1368426819,1
15095,59526,1368426818,-1
15095,37913,1368426818,0
15095,57921,1368426818,0
15095,37822,1368426818,0
15099,41620,1368419754,0
15099,40191,1368419754,0
15099,39341,1368419754,0
15099,44464,1368419754,0
15099,42829,1368419754,0
15099,46264,1368419754,0
15099,45019,1368419754,0
15099,57439,1368419754,0
15099,45772,1368419754,0
15099,39610,1368419754,0
15099,57982,1368419754,0
15099,46205,1368419754,0
15099,44296,1368419754,0
15099,46066,1368419754,0
15099,44445,1368419754,0
15099,58218,1368419754,0
15099,43981,1368419754,0
15099,45078,1368419754,0
15099,42868,1368419754,0
15099,39246,1368419754,0
15101,57417,1367489415,0
15101,39413,1367489415,0
15101,47011,1367489415,0
15101,39729,1367489415,0
15101,45950,1367489415,0
15101,58032,1367489415,0
15101,58226,1367489415,0
15101,59744,1367489415,0
15101,39453,1367489415,0
15101,46283,1367489415,0
15101,44466,1367489415,0
15101,46196,1367489415,0
15101,39610,1367489415,0
15101,37830,1367489415,0
15101,39302,1367489415,0
15101,39618,1367489415,0
15101,39770,1367489415,0
15101,57350,1367489415,0
15101,47012,1367489415,0
15101,42954,1367489415,0
15102,46976,1368358248,0
15102,46982,1368358248,0
15102,58412,1368358248,0
15102,39716,1368358248,0
15102,45038,1368358248,1
15102,45973,1368358248,0
15102,37743,1368358248,0
15102,39301,1368358248,0
15102,39555,1368358248,0
15102,46017,1368358248,0
15102,37863,1368358248,0
15102,39630,1368358248,0
15102,46019,1368358248,0
15102,37913,1368358248,0
15102,58365,1368358248,0
15102,39763,1368358248,0
15102,46211,1368358248,0
15102,46120,1368358248,0
15102,39543,1368358248,0
15102,46055,1368358248,0
15104,42934,1368212057,0
15104,42787,1368212057,-1
15104,51990,1368212057,-1
15104,44296,1368212057,0
15104,46296,1368212057,1
15104,39251,1368212057,1
15104,47004,1368049815,0
15104,46993,1368212057,-1
15104,46261,1368212057,0
15104,57415,1368052846,0
15104,46138,1368212057,1
15104,44306,1368049815,0
15104,43008,1368212057,-1
15104,39823,1368212057,1
15104,46232,1368212057,-1
15104,57989,1368212057,0
15104,39924,1368212057,-1
15104,58094,1368212057,0
15104,39809,1368212057,1
15104,38059,1368212057,0
15110,45024,1368188699,1
15110,45074,1368188699,0
15110,45038,1368188699,0
15110,45036,1368188699,1
15111,41705,1368187030,0
15115,39364,1368168523,0
15115,39609,1368168523,0
15115,42963,1368168523,0
15115,46101,1368168523,0
15115,46261,1368168523,0
15115,43981,1368168523,0
15115,58412,1368168523,0
15115,57108,1368168523,0
15115,46053,1368168523,0
15115,39302,1368168523,0
15115,46124,1368168523,0
15115,39600,1368168523,0
15115,46981,1368168523,0
15115,47695,1368168523,0
15115,44066,1368168523,0
15115,38071,1368168523,0
15115,40213,1368168523,0
15115,42864,1368168523,0
15115,46108,1368168523,0
15115,46204,1368168523,0
15119,46011,1368164147,0
15119,46020,1368164147,0
15119,42943,1368164147,0
15119,58413,1368164147,0
15119,43584,1368164147,0
15119,39821,1368164147,0
15119,39816,1368164147,0
15119,44240,1368164147,0
15119,44480,1368164147,0
15119,37816,1368164147,0
15119,42849,1368164147,0
15119,37767,1368164147,0
15119,47683,1368164147,0
15119,46205,1368164147,0
15119,58471,1368164147,0
15119,58412,1368164147,0
15119,39650,1368164147,0
15119,39773,1368164147,0
15119,57647,1368164147,0
15119,37746,1368164147,0
15123,44279,1368158528,0
15123,59873,1362388675,0
15123,39821,1368158528,0
15123,46055,1368158528,1
15123,45934,1368158528,0
15123,46113,1368158528,0
15123,46133,1368158528,-1
15123,46039,1368158528,0
15123,51990,1368158528,0
15123,47189,1368158528,0
15123,58092,1368158528,0
15123,42954,1368158528,0
15123,52277,1368158528,0
15123,39220,1368158528,0
15123,39608,1368158528,0
15123,46952,1368158528,0
15123,39181,1368158528,0
15123,39364,1368158528,0
15123,39602,1368158528,0
15123,58094,1368158528,0
15129,45020,1368094776,0
15129,45019,1368094776,0
15129,45018,1368094776,0
15129,45017,1368094776,0
15129,45017,1368095339,0
15129,45018,1368095339,0
15132,47694,1368080833,0
15132,46296,1368080833,0
15132,52088,1368080833,0
15132,46119,1368080833,0
15132,46044,1368080833,0
15132,45988,1368080833,0
15132,39149,1368080833,0
15132,40820,1368080833,0
15132,52101,1368080833,0
15132,58413,1368080833,0
15132,42947,1368080833,0
15132,38059,1368080833,0
15132,45718,1368080833,0
15132,39436,1368080833,0
15132,37827,1368080833,0
15132,46240,1368080833,0
15132,37816,1368080833,0
15132,43834,1368080833,0
15132,58412,1368080833,0
15132,46233,1368080833,0
15140,46261,1368039294,0
15140,46020,1368039294,1
15140,52340,1368039294,0
15140,45949,1368039294,1
15140,58318,1368039294,0
15140,46133,1368039294,1
15140,45718,1368039294,1
15140,43366,1368039294,0
15140,47683,1368039294,0
15140,43584,1368039294,0
15140,39630,1368039294,0
15140,46120,1368039294,0
15140,42945,1368039294,0
15140,37749,1368039294,0
15140,46171,1368039294,0
15140,39605,1368039294,-1
15140,46233,1368039294,0
15140,39251,1368039294,1
15140,46958,1368039294,0
15140,46119,1368039294,0
15144,52280,1368015722,1
15146,47180,1367994967,0
15147,45036,1367982168,0
15151,46288,1367867659,-1
15151,46111,1367867659,0
15151,47683,1367957044,0
15151,39543,1367957044,1
15151,39625,1367957044,0
15151,47683,1367867659,-1
15151,46194,1367867659,0
15151,43984,1367867659,1
15151,37863,1367867659,0
15151,46286,1367867659,-1
15151,60199,1367957044,1
15151,52556,1367957044,1
15151,46983,1367957044,1
15151,45943,1367957044,1
15151,46171,1367957044,1
15151,39924,1367867659,1
15151,44466,1367957044,0
15151,58411,1367867659,0
15151,46256,1367867659,0
15151,59950,1367867659,0
15155,38059,1367905096,0
15155,39612,1367905096,-1
15155,39919,1367905096,1
15155,46240,1367905096,0
15155,45718,1367905096,1
15155,42823,1367905096,0
15155,47640,1367905096,0
15155,39686,1367905096,1
15155,40978,1367905096,0
15155,42954,1367905096,0
15155,39840,1367905096,0
15155,46993,1367905096,-1
15155,39630,1367905096,0
15155,41026,1367905096,0
15155,44304,1367905096,0
15155,44299,1367905096,1
15155,58094,1367905096,0
15155,40820,1367905096,-1
15155,39602,1367905096,1
15155,43009,1367905096,-1
15163,46211,1367866003,0
15163,39149,1367866003,0
15163,45947,1367866003,1
15163,46119,1367866003,1
15163,46930,1367866003,1
15163,46984,1367866003,1
15165,46256,1367833309,0
15167,57416,1367655062,0
15167,45943,1367655062,0
15167,45930,1367655062,0
15167,60282,1367471952,0
15167,45264,1367655062,0
15167,39149,1367471952,0
15167,46211,1367655062,0
15167,46156,1367655062,0
15167,43017,1367471952,0
15167,39686,1367655062,0
15167,46207,1367655062,0
15167,46101,1367471952,0
15167,37749,1367655062,0
15167,39592,1367471952,0
15167,46020,1367655062,0
15167,45991,1367471952,0
15167,46204,1367655062,0
15167,40213,1367655062,0
15167,39637,1367655062,0
15167,46039,1367655062,0
15169,42832,1367611792,0
15169,59799,1367611792,0
15169,42955,1367611792,0
15169,46245,1367611792,0
15169,59818,1367611792,0
15169,39802,1367611792,0
15169,58281,1367611792,0
15169,46212,1367611792,0
15169,39361,1367611792,0
15169,46041,1367611792,0
15169,39217,1367611792,0
15169,59753,1367611792,0
15169,46120,1367611792,0
15169,57350,1367611792,0
15169,51990,1367611792,0
15169,39625,1367611792,0
15169,39686,1367611792,0
15169,39569,1367611792,0
15169,41232,1367611792,0
15169,39508,1367611792,0
15171,60234,1367514738,0
15171,60234,1367593436,0
15174,58412,1367579948,0
15174,39924,1367579948,0
15174,39625,1367579948,0
15174,37747,1367579948,-1
15175,45307,1367577403,1
15176,58411,1367575645,0
15176,46171,1367575645,1
15180,39217,1367224911,1
15180,46055,1367390557,1
15180,39220,1367224911,1
15180,59897,1367224911,0
15180,46153,1366348012,1
15180,46194,1367224911,0
15180,39708,1367224911,0
15180,46119,1367224911,1
15180,46055,1367224911,1
15180,60356,1367224911,0
15180,46054,1367390557,0
15180,46982,1367224911,0
15180,46211,1366348012,1
15180,45943,1367224911,0
15180,46289,1367224911,1
15180,46054,1366348012,0
15180,46055,1366348012,1
15180,46054,1367224911,0
15180,46982,1366348012,1
15180,46054,1367403249,0
15187,45304,1367473843,1
15192,37746,1367442207,0
15192,39609,1367442207,0
15192,47011,1367442207,0
15192,41231,1367442207,0
15192,42865,1367442207,0
15192,44464,1367442207,0
15192,46015,1367442207,0
15192,46054,1367442207,0
15192,44298,1367442207,0
15192,40994,1367442207,0
15192,52266,1367442207,0
15192,46041,1367442207,0
15192,46196,1367442207,0
15192,42934,1367442207,0
15192,39215,1367442207,0
15192,47600,1367442207,0
15192,58318,1367442207,0
15192,46238,1367442207,0
15192,41027,1367442207,0
15192,57350,1367442207,0
15194,58377,1367439056,0
15194,46119,1367439056,0
15194,46066,1367439056,0
15194,46981,1367439056,0
15194,59647,1367439056,0
15194,46051,1367439056,0
15194,46984,1367439056,0
15194,46017,1367439056,0
15194,59967,1367439056,0
15194,44296,1367439056,0
15194,59799,1367439056,0
15194,46019,1367439056,0
15194,39917,1367439056,0
15194,45264,1367439056,0
15194,39610,1367439056,0
15194,42823,1367439056,0
15194,46124,1367439056,0
15194,39506,1367439056,0
15194,59753,1367439056,0
15194,58471,1367439056,0
15195,46055,1367398790,1
15195,57921,1367398790,1
15196,46054,1367398269,0
15196,46243,1367398269,-1
15196,46053,1367398269,0
15196,46051,1367398269,1
15198,58412,1367391548,0
15198,46976,1367391548,0
15198,37747,1367391548,1
15199,40318,1367344769,0
15199,46254,1367344769,0
15199,51991,1367344769,0
15199,42939,1367344769,0
15199,45264,1367344769,0
15199,57434,1367344769,0
15199,39610,1367344769,0
15199,43007,1367344769,0
15199,46029,1367344769,0
15199,39630,1367344769,0
15199,52280,1367344769,0
15199,46031,1367344769,0
15199,57433,1367344769,0
15199,60170,1367344769,0
15199,59964,1367344769,0
15199,46124,1367344769,0
15199,52271,1367344769,0
15199,59944,1367344769,0
15199,46248,1367344769,0
15199,40293,1367344769,0
15210,46133,1366969181,1
15211,37747,1366950954,0
15211,57936,1366950954,-1
15216,59830,1366899044,0
15216,46120,1366899044,0
15216,60332,1366899044,0
15216,46019,1366899044,0
15216,59873,1366899044,0
15216,37916,1366899044,0
15216,58084,1366899044,0
15216,39823,1366899044,0
15216,45973,1366899044,1
15216,39817,1366899044,0
15216,37913,1366899044,0
15216,46983,1366899044,0
15216,39301,1366899044,0
15216,37863,1366899044,0
15216,46982,1366899044,0
15216,39763,1366899044,0
15216,59854,1366899044,0
15216,58218,1366899044,0
15216,58412,1366899044,0
15216,46027,1366899044,0
15218,46120,1366883186,0
15218,39612,1366883186,-1
15218,39917,1366883186,0
15218,46983,1366883186,0
15218,45947,1366883186,0
15218,58218,1366883186,0
15219,45947,1366881521,-1
15223,42947,1366865750,0
15223,52345,1366865750,0
15223,43007,1366838425,0
15223,39738,1366838425,0
15223,45266,1366865750,0
15223,46211,1366865750,0
15223,58318,1366865750,0
15223,46286,1366865750,0
15223,39601,1366838425,0
15223,37767,1366838425,0
15223,44298,1366865750,0
15223,52101,1366865750,0
15223,46205,1366865750,0
15223,45933,1366838425,0
15223,52101,1366838425,0
15223,52346,1366838425,0
15223,59818,1366838425,0
15223,46243,1366838425,0
15223,42954,1366865750,0
15223,39220,1366838425,0
15229,39729,1366817606,1
15229,45943,1366817606,1
15229,45947,1366817606,0
15229,46767,1366817606,1
15230,37747,1366805478,1
15232,46979,1366791158,1
15232,58412,1366791158,0
15232,59872,1366791158,0
15232,45950,1366791158,0
15232,45944,1366791158,0
15232,45949,1366791158,1
15232,39614,1366791158,0
15232,39630,1366791158,0
15232,39149,1366791158,0
15232,37747,1366791158,1
15240,57936,1366698423,0
15242,42787,1366697290,0
15242,39251,1366697290,0
15242,39299,1366697290,0
15242,52345,1366697290,0
15242,43008,1366697290,0
15242,59975,1366697290,0
15242,39601,1366697290,0
15242,42849,1366697290,0
15242,38059,1366697290,0
15242,39246,1366697290,0
15242,46122,1366697290,0
15242,39686,1366697290,0
15242,58377,1366697290,0
15242,46243,1366697290,0
15242,46051,1366697290,0
15242,44478,1366697290,0
15242,41026,1366697290,0
15242,46288,1366697290,0
15242,52277,1366697290,0
15242,43969,1366697290,0
15244,46194,1366664756,0
15244,59944,1366664756,0
15244,46055,1366664756,0
15244,46054,1366664756,0
15245,59944,1366662915,0
15245,46194,1366662915,1
15245,46055,1366662915,1
15245,46054,1366662915,1
15248,46111,1366637492,0
15249,37747,1366630712,0
15249,47598,1366630712,1
15249,46303,1366630712,1
15249,46120,1366630712,1
15249,60282,1366630712,1
15249,60260,1366630712,0
15249,57936,1366630712,1
15250,43972,1366618011,0
15250,42939,1366618011,0
15250,39506,1366618011,0
15250,37747,1366618011,0
15250,46204,1366618011,0
15250,42864,1366618011,0
15250,57989,1366618011,0
15250,42829,1366618011,0
15250,42943,1366618011,0
15250,58086,1366618011,0
15250,58091,1366618011,0
15250,39507,1366618011,0
15250,45933,1366618011,0
15250,46182,1366618011,0
15250,57433,1366618011,0
15250,58412,1366618011,0
15250,46153,1366618011,0
15250,44464,1366618011,0
15250,43017,1366618011,0
15250,44469,1366618011,0
15252,58401,1366419337,0
15252,58412,1366419337,0
15252,46015,1366419337,0
15252,46289,1366419337,0
15252,59732,1366419337,0
15252,60189,1366419337,0
15252,58092,1366419337,0
15252,43009,1366419337,1
15252,42955,1366419337,0
15252,39610,1366419337,0
15252,52271,1366419337,0
15252,44464,1366419337,0
15252,39817,1366419337,0
15252,47011,1366419337,0
15252,39614,1366419337,0
15252,44299,1366419337,0
15252,39299,1366419337,0
15252,46153,1366419337,0
15252,46041,1366419337,0
15252,45991,1366419337,0
15254,60089,1366307756,0
15254,45716,1366245839,0
15254,45973,1366245839,0
15254,46044,1366244274,0
15254,59861,1366241240,-1
15254,42865,1366241240,0
15254,59818,1366418242,0
15254,46916,1366306234,0
15254,39639,1366244274,0
15254,60170,1366313084,0
15254,46072,1366241240,0
15254,46723,1366328305,0
15254,58031,1366418242,0
15254,46054,1366313084,0
15254,39216,1366418242,0
15254,42939,1366418242,0
15254,46015,1366241240,0
15254,37747,1366245839,0
15254,45947,1366241240,0
15254,46952,1366244274,0
15255,46916,1366411348,0
15255,47600,1366411348,0
15255,45978,1366411348,0
15255,46138,1366411348,0
15255,46015,1366411348,0
15255,39802,1366411348,0
15255,46057,1366411348,0
15255,46011,1366411348,1
15255,59856,1366411348,0
15255,60153,1366411348,0
15255,59964,1366411348,0
15255,46983,1366411348,0
15255,60341,1366411348,0
15255,46020,1366411348,0
15255,43820,1366411348,1
15255,58412,1366411348,0
15255,45976,1366411348,0
15255,45717,1366411348,0
15255,46060,1366411348,0
15255,39686,1366411348,0
15257,46055,1366394512,0
15258,52235,1366381733,1
15258,52101,1366381733,0
15261,46120,1366360717,0
15262,57936,1366339920,1
15263,57921,1366339920,1
15264,46120,1366335166,1
15264,39600,1366335166,0
15264,46271,1366335166,1
15264,39601,1366335166,0
15264,39130,1366335166,0
15264,45973,1366335166,0
15264,60038,1366335166,0
15264,60153,1366335166,1
15264,45976,1366335166,0
15264,47189,1366335166,-1
15264,46723,1366335166,0
15264,46021,1366335166,0
15264,59579,1366335166,0
15264,46020,1366335166,1
15264,59950,1366335166,1
15264,60170,1366335166,-1
15264,58305,1366335166,1
15264,46055,1366335166,1
15264,46138,1366335166,1
15264,46243,1366335166,0
15267,45947,1366320540,1
15267,39599,1366320540,0
15267,60341,1366320540,0
15267,59579,1366320540,0
15267,58471,1366320540,0
15267,39601,1366320540,0
15267,39614,1366320540,0
15267,46072,1366320540,0
15267,45976,1366320540,0
15267,39299,1366320540,1
15267,46055,1366320540,1
15267,46138,1366320540,1
15267,37747,1366320540,1
15267,45973,1366320540,0
15267,46066,1366320540,-1
15267,46108,1366320540,1
15267,46982,1366320540,0
15267,59950,1366320540,1
15267,46211,1366320540,1
15267,58305,1366320540,1
15268,60038,1366313528,0
15268,37747,1366313528,1
15268,39600,1366313528,0
15268,46982,1366313528,0
15268,45947,1366313528,1
15268,58218,1366313528,1
15268,46983,1366313528,1
15268,46916,1366313528,0
15268,39614,1366313528,0
15268,59950,1366313528,1
15268,46211,1366313528,1
15268,46057,1366313528,1
15268,46232,1366313528,-1
15268,46767,1366313528,1
15268,46043,1366313528,1
15268,58305,1366313528,1
15268,46060,1366313528,1
15268,46296,1366313528,0
15268,39601,1366313528,0
15268,46066,1366313528,-1
15270,46767,1366268257,1
15270,42865,1366268257,0
15270,39599,1366268257,0
15270,59950,1366268257,1
15270,60341,1366268257,0
15270,46233,1366268257,1
15270,45978,1366268257,0
15270,46271,1366268257,1
15270,45973,1366268257,0
15270,46207,1366268257,0
15270,46020,1366268257,1
15270,37747,1366268257,1
15270,46243,1366268257,0
15270,46108,1366268257,1
15270,60089,1366268257,1
15270,39299,1366268257,1
15270,46232,1366268257,-1
15270,39816,1366268257,1
15270,37913,1366268257,0
15270,59861,1366268257,1
15272,45947,1366242960,1
15276,46296,1366225458,0
15276,46207,1366225458,-1
15276,59856,1366225458,1
15276,59861,1366225458,1
15276,39686,1366231525,1
15276,39816,1366231525,1
15276,46043,1366231525,0
15276,45976,1366231525,0
15276,45973,1366231525,0
15276,46020,1366231525,1
15276,46015,1366231525,0
15276,46207,1366231525,1
15277,57936,1366225985,0
15281,46243,1366207605,0
15281,45717,1366207605,0
15282,37747,1366179858,1
15283,45947,1366173882,0
15283,46108,1366173882,1
15283,46138,1366173882,1
15283,46055,1366173882,0
15283,46120,1366173882,1
15283,58218,1366173882,1
15283,46983,1366173882,1
15283,60089,1366173882,0
15283,59950,1366173882,1
15283,39299,1366173882,1
15285,43969,1366135635,0
15285,43972,1366172318,1
15286,46055,1366141117,0
15286,46256,1365704076,0
15286,57982,1365704076,0
15286,43570,1366141117,0
15286,40994,1365704076,0
15286,44480,1366159221,0
15286,60250,1365704076,0
15286,47011,1366141117,0
15286,46246,1366141117,0
15286,43007,1365704076,0
15286,58361,1365704076,0
15286,46194,1365704076,0
15286,46054,1366159221,0
15286,58377,1366141117,0
15286,45264,1366141117,0
15286,46120,1366159221,0
15286,46256,1366141117,0
15286,47669,1366141117,0
15286,46073,1366159221,0
15286,56808,1366141117,0
15288,59916,1355247373,0
15288,44275,1358329227,0
15288,60143,1355247373,0
15288,58412,1355247373,0
15288,46086,1358329227,0
15288,58218,1355247373,0
15288,60094,1358329227,0
15288,60032,1358329227,0
15288,44279,1358329227,0
15288,52040,1355247373,0
15288,59800,1355247373,0
15288,60037,1355247373,0
15288,46238,1358329227,0
15288,46132,1358329227,0
15288,60145,1358329227,0
15288,44238,1358329227,0
15288,40213,1355247373,0
15288,60834,1355247373,0
15288,46185,1355247373,0
15288,60195,1355247373,0
15289,47600,1366102369,0
15291,42865,1366089524,0
15292,46271,1366089524,1
15292,58305,1366089524,0
15292,59579,1366089524,0
15294,39817,1366069942,1
15294,46044,1366069942,1
15294,56808,1366069942,0
15294,42934,1366069942,0
15294,37913,1366069942,0
15294,45974,1366069942,1
15294,58412,1366069942,0
15294,45264,1366069942,0
15294,58367,1366069942,0
15294,58218,1366069942,0
15294,46017,1366069942,1
15294,59967,1366069942,-1
15294,47011,1366069942,0
15294,58377,1366069942,0
15294,46120,1366069942,1
15294,38059,1366069942,0
15294,47189,1366069942,0
15294,46113,1366069942,0
15294,45947,1366069942,1
15294,46055,1366069942,1
15295,47669,1366062996,0
15295,58315,1366064082,0
15295,58412,1366066657,0
15295,37863,1366066657,0
15295,58335,1366067101,0
15295,58367,1366059351,0
15295,42832,1366067101,0
15295,39614,1366062996,0
15295,46054,1366064082,0
15295,45304,1366061654,0
15295,46113,1366059351,0
15295,39729,1366061654,0
15295,52280,1366062996,0
15295,37863,1366067101,0
15295,39729,1366059351,0
15295,45973,1366061654,0
15295,44469,1366066657,-1
15295,59967,1366066657,1
15295,39817,1366067101,0
15295,57936,1366066657,0
15300,46207,1366056483,0
15302,59626,1354775119,0
15302,60715,1354775119,0
15302,61170,1354775119,0
15302,45946,1354775119,0
15302,60943,1354775119,0
15302,45102,1354775119,0
15302,59708,1354775119,0
15302,61196,1354775119,0
15302,61081,1354775119,0
15302,60860,1354775119,0
15302,61250,1354775119,0
15302,59557,1354775119,0
15302,59683,1354775119,0
15302,59737,1354775119,0
15302,59936,1354775119,0
15302,59567,1354775119,0
15302,61174,1354775119,0
15302,61155,1354775119,0
15302,37990,1354775119,0
15302,59690,1354775119,0
15304,45973,1365799665,-1
15305,45973,1365771808,1
15306,46119,1365765470,1
15309,46119,1365752376,1
15310,57982,1365731106,0
15310,59818,1365731106,0
15310,46207,1365731106,0
15310,59975,1365731106,0
15310,57433,1365731106,0
15310,37816,1365731106,0
15310,46204,1365731106,0
15310,42984,1365731106,0
15310,59753,1365731106,0
15310,42955,1365731106,0
15310,37749,1365731106,0
15310,57989,1365731106,0
15310,58084,1365731106,0
15310,46289,1365731106,0
15310,42943,1365731106,0
15310,43972,1365731106,0
15310,46952,1365731106,0
15310,59771,1365731106,0
15310,37767,1365731106,0
15310,44279,1365731106,0
15313,60170,1365711817,1
15314,59967,1365695448,-1
15316,56808,1365634994,0
15317,45264,1365616444,0
15317,45266,1365616444,1
15317,37816,1365616444,0
15317,60250,1365616444,1
15317,46108,1365616444,1
15319,45947,1365584196,1
15319,39726,1365584196,0
15321,46296,1365564958,1
15324,46256,1365466055,0
15324,46256,1365467394,-1
15325,37747,1365327686,1
15327,42984,1365318858,1
15327,46243,1365318858,1
15327,58361,1365318858,0
15327,41027,1365318858,0
15327,45974,1365318858,0
15327,42832,1365318858,0
15327,46952,1365318858,0
15327,42823,1365318858,0
15327,45774,1365318858,0
15327,43017,1365318858,0
15327,42849,1365318858,-1
15327,42951,1365318858,-1
15327,45943,1365318858,1
15327,42963,1365318858,0
15327,42955,1365318858,1
15327,45717,1365318858,0
15327,40978,1365318858,0
15327,58086,1365318858,0
15327,57989,1365318858,0
15327,46260,1365318858,0
15330,46135,1365107357,0
15330,46136,1365107357,0
15330,46153,1365107357,-1
15330,46930,1365107357,0
15330,46984,1365107357,0
15330,46108,1365107357,0
15330,46119,1365107357,-1
15330,46111,1365107357,1
15330,57921,1365107357,0
15330,58218,1365107357,0
15330,46983,1365107357,0
15330,60313,1365107357,-1
15330,60323,1365107357,1
15330,60250,1365107357,1
15332,43852,1365024394,0
15332,43868,1365024394,0
15332,60444,1365024394,0
15332,44405,1365024394,0
15332,43857,1365024394,0
15332,43851,1365024394,0
15332,46057,1365024394,0
15332,58896,1365024394,0
15332,58173,1365024394,0
15332,44394,1365024394,0
15332,43842,1365024394,0
15332,41232,1365024394,0
15332,47871,1365024394,0
15332,58049,1365024394,0
15332,52369,1365024394,0
15332,43864,1365024394,0
15332,46946,1365024394,0
15332,43831,1365024394,0
15332,44398,1365024394,0
15332,43520,1365024394,0
15334,58028,1364949650,0
15334,46296,1364949650,1
15334,45865,1364949650,-1
15334,45923,1364949650,0
15334,46211,1364949650,1
15334,45857,1364949650,0
15334,39400,1364949650,0
15334,39181,1364949650,0
15334,39390,1364949650,0
15336,46037,1364930671,0
15339,44476,1364884142,1
15339,44454,1364884142,-1
15339,44471,1364884142,-1
15342,58084,1364895411,1
15343,52355,1364859478,-1
15343,44070,1364859478,1
15343,44064,1364859478,1
15343,43972,1364859478,0
15343,44071,1364859478,0
15343,44066,1364859478,0
15343,43974,1364859478,0
15345,44070,1364856102,1
15345,44064,1364856102,0
15345,43981,1364856102,1
15345,43973,1364856102,0
15345,43974,1364856102,0
15345,43979,1364856102,0
15345,44066,1364856102,0
15345,43972,1364856102,1
15345,46124,1364856102,0
15345,37798,1364856102,0
15345,37905,1364856102,0
15345,38029,1364856102,0
15345,46066,1364856102,0
15345,46286,1364856102,1
15345,46153,1364856102,0
15345,59638,1364856102,0
15345,57936,1364856102,-1
15345,57434,1364856102,1
15345,59671,1364856102,0
15346,60250,1364793196,1
15347,43972,1364792779,0
15347,43981,1364792779,0
15349,43972,1364603486,1
15349,44070,1364603486,1
15350,47600,1364589852,1
15352,46120,1364580756,1
15352,52288,1364580756,0
15352,58062,1364580756,0
15352,57921,1364580756,0
15352,52286,1364580756,0
15352,58105,1364580756,-1
15352,58143,1364580756,-1
15352,58123,1364580756,-1
15352,46119,1364580756,0
15352,46212,1364580756,0
15352,45949,1364580756,0
15352,46077,1364580756,-1
15352,46111,1364580756,0
15352,45944,1364580756,0
15353,57936,1364580680,0
15353,57921,1364580680,1
15353,46073,1364580680,0
15353,46296,1364580680,1
15353,46204,1364580680,0
15353,46086,1364580680,1
15353,46243,1364580680,0
15353,46211,1364580680,0
15353,46119,1364580680,0
15354,39149,1364578828,0
15354,39670,1364578828,0
15354,39780,1364578828,1
15354,60095,1364578828,0
15354,60250,1364578828,1
15354,46153,1364578828,0
15354,46285,1364578828,1
15354,46196,1364578828,1
15354,45947,1364578828,0
15356,45938,1364536598,0
15356,46289,1364536598,-1
15356,46054,1364555158,0
15356,46254,1364536598,1
15356,39578,1364536598,0
15356,43834,1364536598,1
15356,46205,1364555158,0
15356,60184,1364536598,1
15356,39577,1364536598,0
15356,45947,1364536598,0
15356,46985,1364536598,0
15356,39686,1364536598,1
15356,60213,1364536598,1
15356,37747,1364536598,0
15356,39781,1364536598,0
15356,46054,1364536598,1
15356,52271,1364536598,1
15356,46271,1364536598,1
15356,45976,1364536598,1
15356,46020,1364536598,0
15358,46153,1364511247,1
15361,60249,1364387782,-1
15362,45104,1364387047,0
15362,45304,1364387047,1
15362,46111,1364387047,1
15362,45307,1364387047,1
15362,45279,1364387047,1
15362,46211,1364387047,0
15362,46145,1364387047,0
15362,45949,1364387047,0
15362,46054,1364387047,0
15362,37863,1364387047,0
15362,39145,1364387047,0
15362,39860,1364387047,0
15362,45947,1364387047,0
15362,60030,1364387047,0
15362,60347,1364387047,0
15362,60029,1364387047,1
15363,46120,1364380449,0
15365,57883,1364304483,0
15365,58095,1364304483,0
15365,52306,1364304483,1
15369,43972,1363966235,0
15369,44071,1363966235,0
15369,44070,1363966235,1
15372,37913,1363931448,0
15373,43972,1363929687,1
15375,46055,1363907148,0
15375,57921,1363907148,0
15376,45307,1363885155,-1
15376,37967,1363885155,-1
15376,46145,1363885155,-1
15376,57921,1363885155,-1
15378,57921,1363595475,0
15378,60051,1363595475,0
15378,46145,1363595475,1
15378,46211,1363595475,1
15378,45947,1363595475,1
15378,46054,1363595475,0
15378,46153,1363595475,0
15378,37967,1363595475,1
15378,37863,1363595475,0
15378,37820,1363595475,1
15378,37913,1363595475,0
15378,37746,1363595475,0
15378,45307,1363595475,1
15378,45080,1363595475,0
15378,45304,1363595475,1
15378,45078,1363595475,0
15378,45104,1363595475,0
15378,46111,1363595475,1
15378,46211,1363767720,0
15380,46212,1363778084,1
15381,46044,1363740347,0
15381,46017,1363740347,0
15382,46119,1363739512,1
15382,46120,1363739512,1
15382,52340,1363739512,0
15383,46296,1363733242,0
15383,46211,1363733242,0
15385,58084,1363732471,0
15386,58366,1363728997,1
15386,58084,1363728997,-1
15386,40978,1363728997,0
15386,41027,1363728997,0
15386,40994,1363728997,0
15386,58084,1363729517,1
15388,60842,1348647889,0
15388,61061,1348647889,0
15388,46196,1348647889,0
15388,39826,1363697229,0
15388,46196,1363697229,0
15388,45947,1363697229,1
15389,39324,1363692523,1
15390,60221,1363675879,0
15392,58123,1363655272,-1
15392,60357,1363655272,0
15392,47186,1363655272,0
15392,46077,1363655272,0
15393,52286,1363633976,0
15393,58896,1363633976,-1
15394,46207,1363630875,-1
15395,45938,1363586779,1
15395,47596,1363586779,1
15397,46119,1363461771,0
15398,46054,1363369729,0
15398,46119,1363369729,0
15398,43972,1363369729,0
15398,37747,1363369729,0
15398,39632,1363369729,0
15398,39608,1363369729,0
15398,58351,1363369729,0
15398,58896,1363369729,0
15398,59778,1363369729,0
15398,58894,1363369729,0
15398,59779,1363369729,0
15398,57344,1363369729,0
15398,59540,1363369729,0
15398,46984,1363369729,0
15398,46153,1363369729,0
15398,46930,1363369729,0
15398,47694,1363369729,0
15399,47694,1363341166,0
15399,46930,1363341166,0
15399,46153,1363341166,0
15399,46984,1363341166,0
15399,59540,1363341166,1
15399,57344,1363341166,0
15399,59779,1363341166,0
15399,58894,1363341166,1
15399,59778,1363341166,0
15399,58896,1363341166,0
15399,58351,1363341166,1
15399,39608,1363341166,0
15399,39632,1363341166,0
15399,37747,1363341166,0
15399,43972,1363341166,0
15399,46119,1363341166,0
15399,46054,1363341166,0
15400,39539,1362375129,1
15400,46095,1363150462,1
15400,37747,1363150462,-1
15400,46171,1362375129,1
15400,58471,1362136226,0
15400,39742,1362375129,1
15400,46211,1362157187,0
15400,46185,1363150462,1
15400,60038,1362375129,0
15400,46153,1362136226,0
15400,46983,1362375129,0
15400,60037,1363150462,1
15400,39765,1362375129,1
15400,45943,1362157187,-1
15400,46211,1362136226,0
15400,58411,1362157187,0
15400,39742,1362157187,-1
15400,58471,1362375129,0
15400,39765,1362136226,1
15400,58218,1362136226,0
15402,46054,1363310255,0
15404,39632,1363293874,0
15404,37747,1363293874,1
15405,46153,1363292011,1
15405,46119,1363292011,1
15405,46984,1363292011,0
15405,46930,1363292011,0
15408,58894,1363286927,-1
15409,58896,1363285475,0
15409,58894,1363285475,0
15410,46200,1363242220,0
15410,46296,1363242220,-1
15410,60347,1363242220,0
15410,59856,1363242220,0
15410,46298,1363242220,0
15410,39923,1363242220,0
15410,39223,1363242220,1
15410,46971,1363242220,0
15410,46766,1363242220,0
15410,46972,1363242220,0
15410,60249,1363242220,0
15410,39320,1363242220,-1
15410,39390,1363242220,1
15410,46762,1363242220,-1
15410,59965,1363242220,0
15410,46763,1363242220,-1
15410,39181,1363242220,1
15410,39325,1363242220,-1
15410,59861,1363242220,0
15410,47016,1363242220,-1
15412,43972,1363210149,-1
15412,44070,1363210149,1
15414,43972,1363194656,1
15414,43972,1363201066,-1
15416,45304,1363176015,0
15419,46204,1363153048,0
15420,43009,1363151408,-1
15422,46055,1363125751,1
15424,39391,1363110873,0
15425,44466,1363091822,1
15426,45949,1363069846,0
15428,37749,1361319860,0
15428,37749,1363054412,1
15428,52255,1363054412,0
15429,44469,1363036059,1
15430,46001,1363032432,0
15430,46036,1363032432,0
15433,57350,1363010506,0
15433,57415,1363010506,1
15434,58084,1363000212,1
15436,40213,1362793403,0
15436,44469,1362793403,1
15436,59702,1362793403,1
15436,57344,1362793403,0
15436,46153,1362793403,0
15440,46205,1362768760,0
15440,60457,1362768760,0
15440,42824,1362768760,0
15440,39181,1362768760,0
15440,45973,1362770903,-1
15440,46111,1362768760,0
15440,57989,1362768760,0
15440,40213,1362768760,0
15440,46194,1362768760,0
15440,46066,1362768760,0
15440,46240,1362768760,0
15440,46054,1362768760,0
15440,46211,1362768760,1
15440,46055,1362768760,0
15440,46971,1362768760,0
15440,59807,1362770903,0
15440,46296,1362768760,0
15440,58123,1362768760,0
15440,39393,1362768760,0
15440,46981,1362768760,0
15442,39392,1362749561,0
15442,60249,1362042323,1
15442,39224,1362749561,0
15442,39391,1361868681,-1
15442,46207,1362042323,1
15442,39224,1361868681,-1
15442,39228,1362749561,0
15442,46971,1361868681,-1
15442,59856,1362749561,-1
15442,46296,1362749561,1
15442,39390,1361868681,-1
15442,46200,1362749561,0
15442,39223,1361868681,-1
15442,47016,1361868681,0
15442,46296,1361868681,-1
15442,39228,1361868681,-1
15442,39181,1362749561,0
15442,59856,1361868681,1
15442,60299,1361868681,0
15442,39182,1361868681,-1
15444,46055,1362731342,0
15446,46111,1362700021,0
15446,45988,1362700021,0
15446,46205,1362700021,0
15446,46194,1362700021,0
15446,46207,1362700021,0
15446,58123,1362700021,1
15446,52288,1362700021,1
15446,37913,1362700021,0
15446,40213,1362700021,0
15446,43981,1362700021,1
15446,43967,1362700021,0
15446,43982,1362700021,0
15446,43972,1362700021,-1
15448,46205,1362636819,1
15449,37913,1362654759,0
15449,46194,1362654759,-1
15451,46207,1362649265,1
15456,45944,1362572740,0
15459,47174,1362528210,0
15459,46119,1362528210,0
15459,46120,1362528210,-1
15459,57921,1362528210,0
15459,58062,1362528210,0
15459,52288,1362528210,-1
15459,52286,1362528210,0
15459,46111,1362528210,0
15459,37767,1362528210,0
15460,59914,1362528210,0
15460,58031,1362528210,0
15460,58182,1362528210,0
15460,60035,1362528210,0
15460,60048,1362528210,0
15460,60141,1362528210,0
15460,60097,1362528210,0
15460,58123,1362528210,0
15460,60103,1362528210,0
15460,60470,1362528210,0
15460,60118,1362528210,0
15460,60106,1362528210,0
15460,45949,1362528210,0
15460,60120,1362528210,0
15460,59944,1362528210,0
15460,52288,1362528210,0
15460,46230,1362528210,-1
15460,60057,1362528210,0
15460,42831,1362528210,0
15460,58178,1362528210,0
15461,46242,1361484112,0
15461,60457,1361484112,0
15461,56863,1361484112,1
15461,42868,1361484112,0
15461,46207,1362528210,-1
15466,43600,1362505448,1
15466,37888,1362505448,0
15466,45949,1362505448,0
15469,58121,1362435069,0
15473,41231,1361490488,0
15473,46120,1361490371,1
15473,43851,1361490371,0
15473,45949,1361490158,1
15473,57936,1361490488,-1
15473,43846,1361490158,0
15473,39614,1361490488,0
15473,43852,1362189349,1
15473,60633,1361490158,0
15473,37747,1361490488,-1
15473,43864,1361490371,0
15473,58121,1361490158,1
15473,46112,1361490488,-1
15473,43831,1361490500,1
15473,43851,1362189349,0
15473,60631,1361490371,0
15473,43852,1361490371,1
15473,43836,1361490371,0
15473,60632,1361490371,0
15473,60634,1361490081,0
15474,44466,1362188821,0
15474,47750,1362188821,0
15474,47675,1362188821,0
15474,47683,1362188821,0
15474,47663,1362188821,0
15474,47694,1362188821,0
15474,60471,1362188821,0
15474,47662,1362188821,0
15474,47659,1362188821,0
15474,47657,1362188821,0
15474,47668,1362188821,0
15474,44468,1362188821,0
15474,44454,1362188821,0
15474,47673,1362188821,0
15474,47664,1362188821,0
15474,44464,1362188821,1
15474,46978,1362188821,0
15474,47654,1362188821,0
15474,47695,1362188821,0
15474,47680,1362188821,0
15478,56779,1362131619,0
15479,47669,1362111090,1
15481,58062,1358382441,-1
15481,56771,1359419394,0
15481,39304,1359419394,0
15481,60149,1358382441,0
15481,45307,1359419394,0
15481,39589,1359154809,0
15481,60301,1358382441,0
15481,60249,1358382441,0
15481,39604,1359419406,0
15481,39390,1359154809,0
15481,46058,1358382441,0
15481,39286,1358382441,-1
15481,39453,1359419394,0
15481,45080,1358382441,0
15481,39479,1359154809,0
15481,39452,1359154809,0
15481,39317,1359154809,0
15481,46097,1359419406,0
15481,46238,1358382441,0
15481,39636,1359419406,0
15483,47659,1362080746,0
15483,47678,1362080746,0
15483,47669,1362080746,0
15483,47661,1362080746,0
15483,44464,1362080746,0
15483,47654,1362080746,0
15483,47683,1362080746,0
15483,47651,1362080746,0
15483,47680,1362080746,0
15483,47655,1362080746,0
15483,47652,1362080746,0
15483,46978,1362080746,0
15483,44469,1362080746,0
15483,44479,1362080746,0
15483,47694,1362080746,0
15483,44468,1362080746,0
15483,46207,1362080746,0
15483,47692,1362080746,0
15483,47668,1362080746,0
15483,47663,1362080746,0
15489,45944,1362014209,1
15489,39614,1362014209,-1
15491,58154,1361998531,0
15491,43972,1361998531,0
15491,44454,1361998531,0
15491,47695,1361998531,0
15491,46204,1361998531,0
15491,37832,1361998531,0
15491,47669,1361998531,0
15491,46303,1361998531,0
15491,60360,1361998531,0
15491,40311,1361998531,0
15491,46262,1361998531,0
15491,46078,1361998531,0
15491,60250,1361998531,0
15491,44469,1361998531,0
15491,46079,1361998531,0
15491,39213,1361998531,0
15491,43792,1361998531,0
15491,44464,1361998531,0
15491,60520,1361998531,0
15491,47655,1361998531,0
15495,60360,1361970435,1
15495,44469,1361970435,1
15495,44464,1361970435,-1
15495,44454,1361970435,1
15495,47655,1361970435,1
15495,46204,1361970435,0
15495,47695,1361970435,0
15495,47669,1361970435,1
15495,60250,1361970435,1
15495,46054,1361970435,0
15495,39213,1361970435,1
15499,40311,1361957101,0
15500,45973,1361952326,0
15500,57357,1361952326,1
15501,60458,1361949377,0
15501,57416,1361932763,0
15501,46054,1361932763,0
15501,46243,1361932763,0
15501,59906,1361932763,1
15501,60460,1361932763,1
15501,60523,1361932763,0
15501,46243,1361949377,1
15501,59830,1361932763,-1
15501,46952,1361949377,0
15501,57416,1361949377,0
15501,58084,1361932763,0
15501,46204,1361949377,1
15501,39348,1361949377,0
15501,60379,1361932763,0
15501,59969,1361932763,1
15501,42829,1361932763,0
15501,58121,1361932763,0
15501,58351,1361932763,0
15501,46073,1361932763,0
15503,41232,1361948704,1
15503,41231,1361948704,0
15503,37747,1361948704,1
15506,58254,1361880250,1
15507,57351,1361867143,1
15507,57351,1361873278,1
15510,46026,1361848329,0
15510,46982,1361837290,0
15510,46153,1361837295,0
15510,41279,1361837290,0
15510,46055,1361837290,1
15510,46135,1361837295,0
15510,57921,1361837295,-1
15510,39718,1361848329,0
15510,39448,1361837290,1
15510,42849,1361837290,0
15510,59927,1361837290,0
15510,46029,1361848329,0
15510,39444,1361837290,1
15510,39827,1361848329,0
15510,59927,1361837295,0
15510,41244,1361837290,0
15510,45772,1361837290,0
15510,42832,1361837290,0
15510,45988,1361848329,0
15510,45982,1361848329,0
15512,39175,1361818641,0
15512,37913,1361818641,0
15512,37747,1361818641,-1
15512,39438,1361818641,-1
15512,46054,1361818641,0
15512,46132,1361818641,-1
15512,60472,1361818641,-1
15512,58413,1361818641,0
15512,60143,1361818641,-1
15512,60203,1361818641,1
15512,60332,1361818641,-1
15512,60337,1361818641,-1
15512,52355,1361818641,1
15512,46289,1361818641,-1
15512,46256,1361818641,-1
15512,46999,1361818641,0
15512,46194,1361818641,-1
15512,46288,1361818641,0
15513,60250,1361817904,0
15515,60337,1361798838,1
15515,46054,1361798838,0
15515,37747,1361798838,1
15517,60472,1361788345,1
15517,60203,1361788345,-1
15517,60332,1361788345,1
15517,46288,1361788345,0
15517,46256,1361788345,1
15517,46289,1361788345,1
15520,46100,1361568628,0
15520,42984,1361568628,0
15520,57950,1361568628,0
15520,43610,1361568628,0
15520,42963,1361568628,0
15520,46051,1361568628,0
15520,37863,1361568628,0
15520,57946,1361568628,0
15520,39609,1361568628,1
15520,45976,1361568628,0
15520,45949,1361568628,0
15520,47673,1361568628,0
15520,58303,1361568628,-1
15520,44315,1361568628,0
15520,45988,1361568628,0
15520,46052,1361568628,0
15520,39644,1361568628,0
15520,43854,1361568628,0
15520,43972,1361568628,-1
15520,52236,1361568628,1
15521,39668,1361558400,0
15524,46983,1361528433,1
15524,46194,1361528433,1
15524,45947,1361528433,1
15524,46120,1361528433,1
15524,60076,1361528433,0
15524,58218,1361528433,1
15524,58413,1361528433,1
15524,37916,1361528433,1
15524,37913,1361528433,0
15524,39555,1361528433,1
15524,39763,1361528433,1
15527,58032,1361497208,1
15531,37747,1361439269,1
15531,39624,1361439269,1
15531,46976,1361439269,0
15532,60000,1361438975,0
15532,60170,1361438975,0
15532,46982,1361438975,0
15532,46055,1361438975,0
15532,37747,1361438975,-1
15532,39302,1361438975,1
15533,44445,1361417348,1
15533,44464,1361417348,0
15536,46054,1361390294,0
15537,46156,1361388212,0
15537,47664,1361388212,0
15537,46044,1361388212,0
15537,39784,1361388212,0
15537,57351,1361388212,0
15537,56887,1361388212,0
15537,47614,1361388212,0
15537,46041,1361388212,0
15537,47606,1361388212,0
15537,59818,1361388212,0
15537,47652,1361388212,0
15537,37749,1361388212,0
15537,45949,1361388212,-1
15537,39686,1361388212,0
15537,57950,1361388212,0
15537,46133,1361388212,-1
15537,47678,1361388212,0
15537,44279,1361388212,0
15537,37842,1361388212,0
15537,46145,1361388212,0
15539,60221,1361358747,0
15543,58028,1361268399,1
15543,57950,1361268399,0
15543,57946,1361268399,0
15543,46982,1361268399,0
15543,46055,1361268399,1
15544,57344,1361263502,0
15544,46156,1361263502,0
15544,46194,1361263502,0
15546,57344,1361199603,-1
15546,57351,1361199603,1
15546,46054,1361199603,0
15546,46201,1361199603,1
15547,45949,1360995852,1
15547,52268,1360995852,0
15550,58142,1360953726,0
15550,46899,1360953726,1
15550,46041,1360953726,0
15550,46031,1360953726,0
15550,46902,1360953726,0
15550,45974,1360953726,0
15550,46903,1360953726,0
15550,43601,1360953726,0
15550,43612,1360953726,0
15550,43610,1360953726,0
15550,43604,1360953726,0
15550,43611,1360953726,0
15551,47606,1360933888,0
15551,47598,1360933888,0
15551,47604,1360933888,0
15551,47609,1360933888,1
15551,47603,1360933888,0
15551,47605,1360933888,-1
15551,47614,1360933888,0
15551,47607,1360933888,0
15551,47612,1360933888,0
15552,44454,1360928923,0
15552,44464,1360928923,0
15552,46054,1360928923,0
15552,46120,1360928923,0
15552,59818,1360928923,0
15552,59975,1360928923,0
15553,59975,1360925380,-1
15553,46054,1360925380,0
15553,59818,1360925380,0
15553,44454,1360925380,1
15553,44464,1360925380,1
15555,58031,1360893461,1
15558,39342,1360839623,0
15558,39464,1360839623,0
15558,39370,1360839623,0
15559,56854,1360806863,1
15559,56810,1360806863,0
15561,46054,1360786948,0
15563,57344,1360776390,1
15563,57936,1360776390,1
15563,45947,1360776390,1
15563,46271,1360776390,1
15563,45943,1360776390,1
15563,46211,1360776390,0
15563,46285,1360776390,1
15563,47664,1360776390,1
15563,47683,1360776390,1
15563,37747,1360776390,1
15563,37833,1360776390,-1
15563,37863,1360776390,0
15563,39149,1360776390,0
15563,38071,1360776390,0
15563,46054,1360776390,0
15563,46051,1360776390,1
15563,44469,1360776390,1
15563,44466,1360776390,1
15564,57344,1360580956,1
15564,57344,1360775732,0
15566,43834,1360748970,1
15566,60471,1360748970,1
15566,60472,1360748970,1
15567,46204,1360736182,0
15567,46100,1360736182,0
15568,46145,1360729646,0
15568,47654,1360729646,0
15568,46120,1360729646,1
15568,56888,1360729646,0
15568,57921,1360729646,0
15568,60642,1360729646,0
15568,44468,1360729646,0
15568,56810,1360729646,0
15568,56828,1360729646,0
15568,47669,1360729646,0
15568,47694,1360729646,0
15568,47668,1360729646,0
15568,44479,1360729646,0
15568,44480,1360729646,0
15568,46296,1360729646,0
15568,39578,1360729646,0
15568,56808,1360729646,0
15568,47662,1360729646,0
15568,44454,1360729646,0
15568,47652,1360729646,0
15569,56808,1360709129,1
15570,56881,1360706647,0
15570,56854,1360706647,0
15570,56808,1360706647,0
15570,56810,1360706647,1
15572,56808,1360706470,1
15572,56810,1360706470,1
15574,56888,1360705258,1
15574,56887,1360705258,1
15574,56854,1360705258,1
15574,56810,1360705258,-1
15575,56854,1360704931,1
15575,56828,1360704931,0
15575,56837,1360704931,0
15575,56810,1360704931,0
15576,46296,1360672097,0
15577,46133,1360663085,0
15577,46145,1360663085,0
15580,56856,1360625209,0
15581,56808,1360621240,0
15582,56854,1360613103,1
15587,56808,1360609776,1
15589,60219,1360215596,1
15589,52263,1360565086,0
15591,46984,1360363688,1
15591,46930,1360363688,1
15591,46119,1360363688,1
15591,46120,1360363688,-1
15591,46055,1360363688,1
15591,39401,1360363688,1
15595,57921,1360329855,0
15597,45865,1360144623,0
15597,43600,1360241629,-1
15597,43600,1360302577,1
15599,56808,1360290768,0
15600,56808,1360288835,0
15603,47683,1360286536,0
15603,47664,1360286536,0
15603,44468,1360286536,0
15603,56808,1360286536,1
15603,44464,1360286536,0
15603,47669,1360286536,0
15603,47675,1360286536,0
15603,56854,1360286536,-1
15603,44454,1360286536,0
15603,44469,1360286536,0
15603,47695,1360286536,0
15603,46116,1360286536,0
15603,47692,1360286536,0
15603,37747,1360286536,-1
15603,47678,1360286536,0
15603,46204,1360286536,-1
15603,60109,1360286536,0
15603,47655,1360286536,0
15603,43972,1360286536,-1
15603,47694,1360286536,0
15604,59564,1354819430,0
15604,61169,1354819430,0
15604,59837,1354819430,0
15604,59646,1354819430,0
15604,61243,1354819430,0
15604,46145,1354819430,0
15604,59940,1353959741,0
15604,59962,1353959741,0
15604,59581,1354819430,0
15604,61168,1354819430,0
15604,59977,1353959741,0
15604,59800,1353959741,0
15604,60389,1353959741,0
15604,46233,1354819430,0
15604,47668,1360271865,0
15604,45946,1354819430,0
15604,59567,1354819430,0
15604,61003,1353959741,0
15604,60065,1353959741,0
15604,45080,1353959741,0
15607,37747,1360222957,-1
15608,60184,1360215709,0
15608,59839,1360215709,0
15609,60332,1360187993,1
15611,39486,1360170916,0
15612,47604,1360161961,0
15612,44468,1360161961,0
15612,43584,1360161961,0
15612,44454,1360161961,0
15612,46122,1360161961,1
15612,47607,1360161961,0
15612,43586,1360161961,0
15612,47603,1360161961,0
15612,59839,1360161961,0
15612,47606,1360161961,0
15612,39686,1360161961,0
15612,58121,1360161961,0
15612,58081,1360161961,-1
15612,60266,1360161961,0
15612,46211,1360161961,0
15612,43972,1360161961,0
15612,45865,1360161961,0
15612,46054,1360161961,0
15612,47609,1360161961,0
15612,46120,1360161961,0
15614,59839,1360137255,0
15615,52288,1360130111,1
15615,47695,1360130111,0
15615,47661,1360130111,0
15615,47680,1360130111,0
15615,47652,1360130111,0
15615,47673,1360130111,0
15615,47692,1360130111,0
15615,46119,1360130111,0
15615,52340,1360130111,0
15615,44466,1360130111,0
15615,44464,1360130111,0
15615,47694,1360130111,0
15615,47664,1360130111,0
15615,52556,1360130111,0
15615,44480,1360130111,0
15615,44479,1360130111,0
15615,47668,1360130111,0
15615,47655,1360130111,0
15615,47750,1360130111,0
15615,44454,1360130111,0
15616,52340,1360114897,1
15616,52556,1360114897,1
15616,46119,1360114897,1
15617,46930,1360103472,0
15617,46984,1360103472,0
15617,46054,1360103472,0
15617,46116,1360103472,1
15617,46119,1360103472,1
15617,52340,1360103472,1
15617,52556,1360103472,1
15621,46204,1360071682,-1
15625,60676,1360041218,0
15631,60669,1359986399,0
15632,44464,1359986010,-1
15633,57416,1359758089,0
15633,60472,1359758089,0
15633,39329,1359758089,0
15633,46081,1359758089,0
15633,39363,1359758089,0
15633,39466,1359758089,0
15633,39297,1359758089,0
15633,46303,1359758089,1
15633,60213,1359758089,0
15633,38028,1359758089,0
15633,59698,1359758089,0
15633,39580,1359758089,0
15633,59914,1359758089,0
15633,46019,1359758089,0
15633,45950,1359758089,0
15633,60673,1359758089,0
15633,60734,1359758089,0
15633,59973,1359758089,0
15633,46091,1359758089,0
15633,43809,1359758089,0
15636,58062,1359713081,1
15636,59969,1359713081,1
15636,58034,1359713081,0
15636,46204,1359713081,1
15638,46207,1359708539,1
15639,39488,1359707825,0
15639,39492,1359707825,0
15640,57936,1359612933,0
15640,60115,1359612933,0
15640,39543,1359612933,0
15640,39763,1359612933,0
15640,46145,1359612933,0
15640,39486,1359612933,0
15640,39614,1359612933,0
15640,58412,1359612933,0
15640,60035,1359612933,0
15640,39632,1359612933,0
15640,57921,1359612933,0
15640,46211,1359612933,0
15640,46988,1359612933,0
15640,46046,1359612933,0
15640,46153,1359612933,0
15640,39517,1359612933,0
15640,46129,1359612933,0
15640,39149,1359612933,0
15640,46194,1359612933,0
15640,58226,1359612933,0
15641,46141,1359610050,0
15641,60694,1359610050,0
15641,39614,1359610050,0
15641,57921,1359610050,0
15641,46194,1359610050,0
15641,57921,1359611447,1
15641,52556,1359610050,0
15641,46136,1359610050,0
15641,46153,1359611447,1
15641,45950,1359610050,0
15641,46982,1359610050,0
15641,60035,1359611447,1
15641,39487,1359611447,0
15641,39763,1359610050,0
15641,37916,1359611447,-1
15641,37816,1359611447,1
15641,46129,1359610050,0
15641,59702,1359610050,0
15641,60249,1359611447,1
15641,60715,1359610050,0
15642,45950,1359596024,0
15642,37913,1359596024,0
15642,58218,1359596024,0
15642,58226,1359596024,0
15642,46055,1359596024,0
15642,57921,1359596033,0
15642,39763,1359596024,0
15642,46119,1359596024,0
15642,37916,1359596024,0
15642,46211,1359596024,0
15642,58471,1359596024,0
15642,46139,1359596024,0
15642,52556,1359596024,0
15642,38064,1359596024,0
15642,60369,1359596024,0
15642,39632,1359596024,0
15642,46054,1359596024,0
15642,37747,1359596033,0
15642,57936,1359596024,0
15642,46129,1359596024,0
15644,46983,1359593001,0
15644,46119,1359593001,0
15644,58218,1359593001,0
15644,58412,1359593001,0
15644,57921,1359593001,0
15644,57936,1359593001,1
15644,58226,1359593001,0
15644,39765,1359593001,0
15644,37746,1359593001,0
15644,37747,1359593001,1
15645,46211,1359592848,1
15647,51991,1358903684,0
15647,59912,1359589322,0
15647,60738,1358903684,0
15647,60029,1358794210,0
15647,45549,1358903684,0
15647,39686,1358903684,0
15647,39663,1358903684,0
15647,39808,1358794210,0
15647,37916,1359589322,0
15647,39655,1358901585,0
15647,59908,1358903684,0
15647,46950,1359589322,0
15647,45102,1358903684,0
15647,60057,1359589322,-1
15647,52344,1359589322,0
15647,59813,1359589322,0
15647,45980,1358794210,0
15647,60097,1358901585,0
15647,59921,1358794210,0
15647,39546,1358901585,0
15650,46298,1359557281,1
15651,60369,1359450175,0
15651,39224,1359450175,0
15651,46982,1359450175,0
15651,58121,1359450175,-1
15651,39614,1359450175,1
15651,58105,1359450175,-1
15651,46298,1359450175,0
15651,39181,1359450175,0
15651,59967,1359450175,0
15651,39183,1359450175,0
15651,59861,1359450175,0
15651,39223,1359450175,0
15651,39393,1359450175,0
15651,39228,1359450175,0
15651,59856,1359450175,0
15651,39391,1359450175,0
15651,45947,1359450175,0
15651,60303,1359450175,0
15651,46972,1359450175,0
15651,39184,1359450175,0
15660,60369,1359390176,0
15662,60094,1359224204,0
15662,37972,1359224204,0
15662,60145,1359224204,0
15662,45999,1359224204,0
15662,39576,1359224204,0
15662,39548,1359224204,0
15662,46256,1359224204,0
15662,45096,1359224204,0
15662,56794,1359224204,0
15662,39252,1359224204,0
15662,39226,1359224204,0
15662,60020,1359224204,0
15662,39774,1359224204,0
15662,60530,1359224204,0
15662,39472,1359224204,0
15662,60045,1359224204,0
15662,39672,1359224204,0
15662,60659,1359224204,0
15662,39822,1359224204,0
15662,43800,1359224204,0
15667,46971,1359109169,0
15667,45947,1359109169,0
15667,39747,1359109169,0
15667,46986,1359109169,0
15667,60744,1359109169,0
15667,58413,1359109169,0
15667,39550,1359109169,0
15667,39806,1359109169,0
15667,39711,1359109169,0
15667,46091,1359109169,0
15667,60734,1359109169,0
15667,60205,1359109169,0
15667,37972,1359109169,0
15667,60211,1359109169,0
15667,60162,1359109169,0
15667,39288,1359109169,0
15667,39654,1359109169,0
15667,57609,1359109169,0
15667,46129,1359109169,0
15667,39521,1359109169,0
15671,44275,1359017033,0
15671,45934,1359017033,0
15671,39467,1359017033,0
15671,46212,1359017033,0
15671,39662,1359017033,0
15671,39361,1359017033,0
15671,60363,1359017033,0
15671,46083,1359017033,0
15671,39607,1359017033,0
15671,39774,1359017033,0
15671,45099,1359017033,0
15671,45286,1359017033,0
15671,39564,1359017033,0
15671,60174,1359017033,0
15671,39181,1359017033,0
15671,39271,1359017033,0
15671,39536,1359017033,0
15671,39452,1359017033,0
15671,57938,1359017033,0
15671,43579,1359017033,0
15688,58031,1358509851,0
15689,45266,1358507992,1
15689,45106,1358507992,1
15689,45307,1358507992,1
15689,44469,1358507992,0
15689,46203,1358507992,0
15689,46204,1358507992,1
15689,40287,1358507992,1
15689,52135,1358507992,1
15689,60655,1358507992,0
15689,60649,1358507992,0
15690,39251,1358505805,0
15690,46211,1358505805,-1
15691,43972,1358493634,0
15692,57920,1358472112,0
15692,58031,1358472112,1
15692,46054,1358472112,0
15694,46207,1358385491,0
15694,46207,1358392739,0
15695,59916,1358383415,1
15695,46051,1358383415,0
15695,60673,1358383415,-1
15695,56738,1358383415,0
15695,60299,1358383415,0
15695,60094,1358383415,0
15695,60188,1358383415,0
15695,60666,1358383415,1
15695,46289,1358383415,1
15695,47604,1358383415,-1
15695,59908,1358383415,0
15695,59938,1358383415,0
15695,59811,1358383415,0
15695,45865,1358383415,1
15695,59946,1358383415,0
15695,57663,1358383415,0
15695,46153,1358383415,1
15695,44284,1358383415,-1
15695,59973,1358383415,0
15695,60130,1358383415,0
15703,46055,1358270232,1
15704,43972,1358162382,0
15704,43981,1358162382,0
15704,43963,1358162382,0
15704,52355,1358162382,0
15707,61248,1357809971,1
15707,60669,1357809971,1
15707,59623,1357809971,0
15707,46190,1357809971,0
15707,46205,1357809971,0
15707,45102,1357809971,0
15707,59684,1357809971,0
15707,59690,1357809971,0
15707,46048,1357809971,0
15707,60258,1357809971,0
15707,44469,1357809971,-1
15707,59581,1357809971,0
15707,43800,1357809971,0
15707,37830,1357809971,0
15707,46122,1357809971,0
15707,37983,1357809971,0
15707,46285,1357809971,0
15707,59621,1357809971,0
15707,60268,1357809971,0
15707,59556,1357809971,0
15711,47664,1357761784,-1
15713,45947,1357756964,1
15713,39809,1357756964,0
15716,60085,1357679059,0
15716,46971,1357679059,0
15716,59897,1357679059,0
15716,59549,1357679059,0
15716,60525,1357679059,0
15716,46207,1357679059,0
15716,60141,1357679059,0
15716,59652,1357679059,0
15716,44441,1357679059,0
15716,46139,1357679059,0
15716,60145,1357679059,0
15716,60698,1357679059,0
15716,57609,1357679059,0
15716,37829,1357679059,0
15716,59798,1357679059,0
15716,60757,1357679059,0
15716,46287,1357679059,0
15716,46243,1357679059,0
15716,60315,1357679059,0
15716,52091,1357679059,0
15720,46243,1357555685,0
15720,44469,1357555685,-1
15720,44469,1357556807,-1
15721,59843,1357448557,0
15721,37967,1357448557,0
15721,60715,1357448557,0
15721,59672,1357448557,0
15721,60364,1357448557,0
15721,60006,1357448557,0
15721,59848,1357448557,0
15721,60199,1357448557,0
15721,59751,1357448557,0
15721,59838,1357448557,0
15721,59655,1357448557,0
15721,43796,1357448557,0
15721,59925,1357448557,0
15721,60295,1357448557,0
15721,37905,1357448557,0
15721,60471,1357448557,0
15721,59849,1357448557,0
15721,59626,1357448557,0
15721,59807,1357448557,0
15721,45969,1357448557,0
15729,59604,1357303929,0
15729,59865,1357303929,0
15729,59822,1357303929,0
15729,45950,1357303929,0
15729,60472,1357303929,0
15729,46944,1357303929,0
15729,59735,1357303929,0
15729,60648,1357303929,0
15729,45294,1357303929,0
15729,59736,1357303929,0
15729,46296,1357303929,1
15729,59625,1357303929,0
15729,45102,1357303929,0
15729,61235,1357303929,0
15729,59658,1357303929,0
15729,59770,1357303929,0
15729,37855,1357303929,0
15729,59845,1357303929,-1
15729,46982,1357303929,0
15729,44439,1357303929,0
15732,61241,1356457877,0
15732,37851,1356457877,0
15732,59707,1356457877,0
15732,59725,1356457877,0
15732,59657,1356457877,0
15732,59674,1356457877,0
15732,60694,1356457877,0
15732,59735,1356457877,0
15732,45280,1356457877,0
15732,59969,1356457877,0
15732,61252,1356457877,-1
15732,59632,1356457877,0
15732,37828,1356457877,0
15732,37796,1356457877,0
15732,59760,1356457877,0
15732,60715,1356457877,0
15732,59670,1356457877,0
15732,59767,1356457877,0
15732,57609,1356457877,0
15732,46298,1356457877,0
15735,60471,1356352066,0
15735,56745,1356352066,0
15735,46132,1356352066,0
15735,60653,1356352066,0
15735,60335,1356352066,0
15735,57375,1356352066,0
15735,43963,1356352066,0
15735,57379,1356352066,0
15735,60692,1356352066,0
15735,60248,1356352066,0
15735,46289,1356352066,0
15735,61021,1356352066,0
15735,58028,1356352066,0
15735,45264,1356352066,0
15735,57406,1356352066,0
15735,59918,1356352066,0
15735,57367,1356352066,0
15735,38059,1356352066,0
15735,60666,1356352066,0
15735,59948,1356352066,0
15743,44443,1355962165,0
15743,61010,1355962165,0
15743,58218,1355962165,0
15743,59568,1355962165,0
15743,59579,1355962165,0
15743,60155,1355962165,0
15743,60975,1355962165,0
15743,60835,1355962165,0
15743,58031,1355962165,0
15743,60193,1355962165,0
15743,56796,1355962165,0
15743,46054,1355962165,0
15743,45943,1355962165,0
15743,43809,1355962165,0
15743,60128,1355962165,0
15743,57403,1355962165,0
15743,60286,1355962165,0
15743,59760,1355962165,0
15743,46140,1355962165,0
15743,46088,1355962165,0
15745,59719,1355855124,0
15745,59718,1355855124,0
15745,60640,1355855124,0
15745,57397,1355855124,0
15745,61252,1355855124,0
15745,58076,1355855124,0
15745,61234,1355855124,0
15745,59567,1355855124,0
15745,46216,1355855124,0
15745,44471,1355855124,0
15745,46296,1355855124,0
15745,59568,1355855124,0
15745,60656,1355855124,0
15745,45259,1355855124,0
15745,60589,1355855124,0
15745,59724,1355855124,0
15745,37920,1355855124,0
15745,46289,1355855124,0
15745,57396,1355855124,0
15745,59630,1355855124,0
15748,57389,1355803279,0
15748,60834,1355803279,0
15748,59830,1355432430,0
15748,61007,1355803279,0
15748,46190,1355432430,0
15748,46185,1355803279,0
15748,59654,1355432430,0
15748,60677,1355803279,0
15748,46225,1355432430,0
15748,45102,1355432430,0
15748,59740,1355432430,0
15748,60215,1355803279,0
15748,38064,1355432430,0
15748,52132,1355803279,0
15748,46057,1355803279,0
15748,46085,1355803279,0
15748,61104,1355432430,0
15748,57376,1355432430,0
15748,60301,1355803279,0
15748,61022,1355803279,0
15750,59733,1355719143,0
15750,60010,1355719143,0
15750,57376,1355719143,0
15750,45938,1355719143,0
15750,46225,1355719143,0
15750,59751,1355719143,0
15750,59678,1355719143,0
15750,61242,1355719143,0
15750,37818,1355719143,0
15750,61236,1355719143,0
15750,46289,1355719143,0
15750,57392,1355719143,0
15750,59632,1355719143,0
15750,59807,1355719143,0
15750,59559,1355719143,0
15750,57409,1355719143,0
15750,57396,1355719143,0
15750,59742,1355719143,0
15750,57370,1355719143,0
15750,59563,1355719143,0
15753,61240,1355523758,0
15753,45947,1355523758,1
15753,59731,1355523758,0
15753,59538,1355523758,0
15753,52088,1355523758,0
15753,61241,1355523758,0
15753,46184,1355523758,0
15753,59723,1355523758,0
15753,52101,1355523758,0
15753,60656,1355523758,0
15753,59689,1355523758,0
15753,59817,1355523758,0
15753,59712,1355523758,0
15753,43794,1355523758,0
15753,59606,1355523758,0
15753,61249,1355523758,0
15753,59715,1355523758,0
15753,58107,1355523758,0
15753,59832,1355523758,0
15753,44440,1355523758,0
15756,37747,1355468767,-1
15760,59695,1355419722,0
15760,59854,1355419722,0
15760,57377,1355419722,0
15760,59589,1355419722,0
15760,60471,1355419722,0
15760,59861,1355419722,0
15760,45256,1355419722,0
15760,60008,1355419722,0
15760,45287,1355419722,0
15760,57396,1355419722,0
15760,37828,1355419722,0
15760,37967,1355419722,0
15760,59838,1355419722,0
15760,59633,1355419722,0
15760,59655,1355419722,0
15760,43798,1355419722,0
15760,60643,1355419722,0
15760,57387,1355419722,0
15760,46951,1355419722,0
15760,59686,1355419722,0
15766,45100,1355179929,0
15766,59981,1355179929,0
15766,37832,1355179929,0
15766,43793,1355179929,0
15766,46226,1355179929,0
15766,59648,1355179929,0
15766,59605,1355179929,0
15766,46944,1355179929,0
15766,43796,1355179929,0
15766,59658,1355179929,0
15766,59717,1355179929,0
15766,59965,1355179929,0
15766,60642,1355179929,0
15766,59558,1355179929,0
15766,45103,1355179929,0
15766,45969,1355179929,0
15766,45943,1355179929,0
15766,46133,1355179929,0
15766,59713,1355179929,0
15766,59540,1355179929,0
15769,37747,1355131973,1
15769,46995,1355131973,0
15769,57921,1355131973,-1
15769,60057,1355131973,1
15771,60188,1355069554,0
15771,52101,1355069554,0
15771,60688,1355069554,0
15771,61166,1355069554,0
15771,46134,1355069554,0
15771,60748,1355069554,0
15771,46243,1355069554,0
15771,60525,1355069554,0
15771,60120,1355069554,0
15771,58034,1355069554,0
15771,56800,1355069554,0
15771,37749,1355069554,0
15771,57377,1355069554,0
15771,56773,1355069554,0
15771,60065,1355069554,0
15771,46085,1355069554,0
15771,45933,1355069554,0
15771,60834,1355069554,0
15771,56807,1355069554,0
15771,46126,1355069554,0
15778,60945,1354891592,0
15778,60191,1354891592,0
15778,58062,1354891592,0
15778,59964,1354891592,0
15778,60180,1354891592,0
15778,59981,1354891592,0
15778,45078,1354891592,0
15778,60122,1354891592,0
15778,59940,1354891592,0
15778,60205,1354891592,0
15778,46194,1354891592,0
15778,60139,1354891592,0
15778,58028,1354891592,0
15778,46171,1354891592,0
15778,61039,1354891592,0
15778,46204,1354891592,0
15778,60130,1354891592,0
15778,43783,1354891592,0
15778,52123,1354891592,0
15778,60272,1354891592,0
15784,46171,1354741549,0
15784,46111,1354741549,0
15784,61210,1354741549,0
15784,61154,1354741549,0
15784,61102,1354741549,0
15784,61184,1354741549,0
15784,45102,1354741549,0
15784,43793,1354741549,0
15784,61136,1354741549,0
15784,43802,1354741549,0
15784,37818,1354741549,0
15784,59678,1354741549,0
15784,59696,1354741549,0
15784,59844,1354741549,0
15784,61151,1354741549,0
15784,60851,1354741549,0
15784,59619,1354741549,0
15784,59579,1354741549,0
15784,61186,1354741549,0
15784,59600,1354741549,0
15786,37967,1354713886,0
15786,45933,1354713886,0
15786,60120,1354713886,0
15786,45937,1354713886,0
15786,61022,1354713886,0
15786,46073,1354713886,0
15786,59800,1354713886,0
15786,44445,1354713886,0
15786,58105,1354713886,0
15786,59942,1354713886,0
15786,46126,1354713886,0
15786,59971,1354713886,0
15786,60328,1354713886,0
15786,59912,1354713886,0
15786,46290,1354713886,0
15786,60980,1354713886,0
15786,61008,1354713886,0
15786,43820,1354713886,0
15786,45929,1354713886,0
15786,43813,1354713886,0
15788,57921,1354309621,1
15788,46132,1354309621,0
15788,37747,1354309621,0
15789,37747,1354308457,-1
15790,52120,1354234426,0
15790,46207,1354234426,0
15790,56745,1354234426,-1
15790,60944,1354234426,0
15790,58076,1354234426,0
15790,59969,1354234426,0
15790,59981,1354234426,0
15790,37749,1354234426,0
15790,43972,1354234426,0
15790,45949,1354234426,0
15790,45944,1354234426,0
15792,43972,1354222335,-1
15798,37747,1353965305,1
15798,59656,1353965305,0
15798,59548,1353965305,0
15801,60985,1353665591,0
15801,60203,1353665591,0
15801,59940,1353665591,0
15801,52040,1353665591,0
15801,37746,1353665591,0
15801,60692,1353665591,0
15801,61118,1353665591,0
15801,60299,1353665591,0
15801,58218,1353665591,0
15801,60074,1353665591,0
15801,59895,1353665591,0
15801,60694,1353665591,0
15801,45943,1353665591,0
15801,60286,1353665591,0
15801,58413,1353665591,0
15801,46256,1353665591,0
15801,46082,1353665591,0
15801,58056,1353665591,0
15801,45078,1353665591,0
15801,46089,1353665591,0
15804,60284,1353502631,0
15804,60315,1353502631,0
15804,61001,1353502631,0
15804,60203,1353502631,0
15804,60760,1353502631,0
15804,60276,1353502631,0
15804,61006,1353502631,0
15804,57921,1353502631,0
15804,60213,1353502631,0
15804,59799,1353502631,0
15804,60699,1353502631,0
15804,61154,1353502631,0
15804,60692,1353502631,0
15804,44238,1353502631,0
15804,60050,1353502631,0
15804,43820,1353502631,0
15804,60389,1353502631,0
15804,38028,1353502631,0
15804,40213,1353502631,0
15804,46126,1353502631,0
15806,58034,1353394223,0
15806,60317,1353394223,0
15806,60525,1353394223,0
15806,52096,1353394223,0
15806,60746,1353394223,0
15806,46135,1353394223,0
15806,56783,1353394223,0
15806,60274,1353394223,0
15806,58054,1353394223,0
15806,60062,1353394223,0
15806,59914,1353394223,0
15806,46298,1353394223,0
15806,60878,1353394223,0
15806,60816,1353394223,0
15806,46171,1353394223,0
15806,52123,1353394223,0
15806,45543,1353394223,0
15806,58062,1353394223,0
15806,61016,1353394223,0
15806,59946,1353394223,0
15808,46243,1353221259,1
15808,43972,1353221259,1
15810,60234,1353088845,1
15810,60248,1353088845,0
15812,60985,1353023401,0
15812,60816,1353023401,0
15812,56800,1353023401,0
15812,60205,1353023401,0
15812,43813,1353023401,0
15812,60168,1353023401,0
15812,60526,1353023401,0
15812,59800,1353023401,0
15812,46145,1353023401,0
15812,52087,1353023401,0
15812,60945,1353023401,0
15812,52103,1353023401,0
15812,46112,1353023401,0
15812,60082,1353023401,0
15812,59944,1353023401,0
15812,60388,1353023401,0
15812,46137,1353023401,0
15812,46139,1353023401,0
15812,60749,1353023401,0
15812,59864,1353023401,0
15815,60050,1352853842,0
15815,59944,1352853842,0
15815,60288,1352853842,0
15815,45947,1352853842,0
15815,60068,1352853842,0
15815,61016,1352853842,0
15815,46057,1352853842,0
15815,46271,1352853842,0
15815,56800,1352853842,0
15815,60335,1352853842,0
15815,60698,1352853842,0
15815,58119,1352853842,0
15815,46256,1352853842,0
15815,58077,1352853842,0
15815,60220,1352853842,0
15815,60373,1352853842,0
15815,60307,1352853842,0
15815,46111,1352853842,0
15815,61006,1352853842,0
15815,46133,1352853842,0
15817,61118,1352752887,0
15820,45938,1351797169,0
15822,40213,1351698124,1
15824,57921,1351499174,1
15825,46200,1351319185,0
15825,61004,1351319185,0
15825,46298,1351319185,0
15825,57377,1351319185,0
15825,60998,1351319185,0
15825,60472,1351319185,0
15825,46046,1351319185,0
15825,46296,1351319185,0
15825,45536,1351319185,0
15825,59801,1351319185,0
15825,60984,1351319185,0
15825,61012,1351319185,0
15825,60976,1351319185,0
15825,52120,1351319185,0
15825,60968,1351319185,0
15825,60985,1351319185,0
15825,60981,1351319185,0
15825,60986,1351319185,0
15825,60660,1351319185,0
15825,37746,1351319185,0
15827,58062,1351254314,1
15828,59854,1351241437,0
15828,46046,1351241437,0
15828,46243,1351241437,0
15828,52116,1351241437,0
15828,52117,1351241437,0
15828,52088,1351241437,0
15828,46290,1351241437,0
15828,46198,1351241437,1
15828,60998,1351241437,0
15828,46194,1351241437,0
15828,60939,1351241437,0
15828,46153,1351241437,0
15828,52120,1351241437,0
15828,46951,1351241437,0
15828,45949,1351241437,0
15828,59801,1351241437,0
15828,46986,1351241437,0
15828,61035,1351241437,0
15828,60472,1351241437,0
15828,60967,1351241437,0
15830,58062,1351195610,0
15830,58121,1351195610,-1
15830,45950,1351195610,0
15833,57921,1350429516,1
15834,45949,1349901600,0
15834,45944,1349901600,0
15834,46054,1349901600,0
15834,59800,1349901600,0
15834,60816,1349901600,0
15834,60878,1349901600,0
15834,58044,1349901600,0
15834,60449,1349901600,0
15834,59801,1349901600,0
15834,58056,1349901600,0
15834,58049,1349901600,0
15834,58054,1349901600,0
15834,59799,1349901600,0
15834,46271,1349901600,-1
15834,46273,1349901600,1
15834,45944,1350411905,1
15834,46054,1350411905,0
15836,61039,1350336222,0
15836,58105,1350336222,0
15836,60337,1350336222,0
15836,46288,1350336222,0
15836,45943,1350336222,0
15836,61154,1350336222,0
15836,52123,1350336222,0
15836,59801,1350336222,0
15836,52101,1350336222,1
15836,58044,1350336222,0
15836,46290,1350336222,0
15836,40213,1350336222,0
15836,60317,1350336222,0
15836,61008,1350336222,0
15836,46211,1350336222,0
15836,52116,1350336222,0
15836,60967,1350336222,0
15836,52117,1350336222,0
15836,61007,1350336222,0
15836,59873,1350336222,0
15837,45947,1350326378,1
15837,61154,1350326378,0
15837,61166,1350326378,0
15838,40213,1350093526,1
15839,58119,1350075539,1
15839,46211,1350075539,1
15839,46285,1350075539,1
15839,46194,1350075539,0
15839,46171,1350075539,1
15839,61035,1350075539,1
15839,46271,1350075539,1
15839,61007,1350075539,1
15839,46133,1350075539,1
15839,60996,1350075539,0
15839,46046,1350075539,0
15839,61016,1350075539,1
15839,46296,1350075539,1
15839,61008,1350075539,0
15839,60969,1350075539,0
15839,58413,1350075539,0
15839,60990,1350075539,0
15839,60984,1350075539,1
15839,60968,1350075539,0
15839,61003,1350075539,0
15841,56740,1350057573,0
15842,46100,1349999183,0
15845,46290,1349800647,0
15845,46296,1349800647,-1
15845,46207,1349800647,0
15845,46296,1349800647,1
15851,46296,1349462524,0
15853,46260,1349375513,0
15854,44469,1349344843,0
15855,52087,1349108501,0
15855,60315,1349108501,0
15855,43972,1349108501,0
15855,60544,1349108501,0
15855,61061,1349108501,0
15855,61093,1349108501,0
15855,52135,1349108501,0
15855,46273,1349108501,0
15855,44070,1349108501,0
15855,60871,1349108501,0
15855,52090,1349108501,0
15855,44469,1349108501,0
15855,52122,1349108501,0
15855,57921,1349108501,0
15855,52101,1349108501,0
15855,46296,1349108501,0
15855,46066,1349108501,0
15855,44066,1349108501,0
15855,60842,1349108501,0
15855,46196,1349108501,0
15857,61093,1348863080,0
15857,57921,1348863080,1
15859,57010,1348765111,0
15859,56815,1348765111,0
15859,47599,1348765111,0
15859,59853,1348765111,0
15859,46258,1348765111,0
15859,60548,1348765111,0
15859,59708,1348765111,0
15859,61248,1348765111,0
15859,52556,1348765111,0
15859,60580,1348765111,0
15859,46055,1348765111,0
15859,45304,1348765111,0
15859,61209,1348765111,0
15859,44454,1348765111,0
15859,60536,1348765111,0
15859,46100,1348765111,0
15859,59659,1348765111,0
15859,60535,1348765111,0
15859,60577,1348765111,0
15859,47556,1348765111,0
15862,60544,1348729638,0
15863,60315,1348722189,0
15863,46066,1348722189,1
15864,37747,1348711635,-1
15865,46066,1348639537,1
15865,46054,1348639537,0
15865,46066,1348642277,1
15873,46066,1348011785,0
15875,46243,1347938324,0
15877,57921,1347888221,1
15882,60531,1347067574,0
15882,60556,1347067574,0
15882,60574,1347067574,0
15882,60569,1347410215,0
15882,60570,1347410215,0
15882,60534,1347410215,0
15882,60560,1347410215,0
15882,60578,1347067574,0
15882,60552,1347067574,0
15882,60562,1347067574,0
15882,60575,1347067574,0
15882,60557,1347067574,0
15882,60570,1347067574,0
15882,60582,1347067574,0
15882,60572,1347067574,0
15882,60563,1347410215,0
15882,60583,1347067574,0
15882,60550,1347410215,0
15882,60547,1347067574,0
15882,60549,1347067574,0
15883,56787,1347410002,0
15883,56756,1347051833,0
15883,56773,1347410002,0
15883,56748,1347051833,0
15883,56756,1347410002,0
15883,56775,1347051833,0
15883,56757,1347051833,0
15883,56751,1347410002,0
15883,56749,1347051833,0
15883,56785,1347410002,0
15883,56790,1347051833,0
15883,56787,1347051833,0
15883,56790,1347410002,0
15883,56757,1347410002,0
15883,56750,1347051833,0
15883,56748,1347410002,0
15883,56773,1347051833,0
15883,56755,1347051833,0
15883,56751,1347051833,0
15883,56758,1347410002,0
15888,46204,1346763063,0
